state_territory,week_end,admits_next_week,y_reg_next_admits,pct_change_next,y_surge_next_week,next_week_end
ak,2024-04-06,7.0,7.0,0.1666666666666666,0,2024-04-13
ak,2024-04-13,2.0,2.0,-0.7142857142857143,0,2024-04-20
ak,2024-11-09,11.0,11.0,-0.2142857142857142,0,2024-11-16
ak,2024-11-16,10.0,10.0,-0.0909090909090909,0,2024-11-23
ak,2024-11-23,6.0,6.0,-0.4,0,2024-11-30
ak,2024-11-30,18.0,18.0,2.0,1,2024-12-07
ak,2024-12-07,10.0,10.0,-0.4444444444444444,0,2024-12-14
ak,2025-01-18,9.0,9.0,0.125,0,2025-01-25
ak,2025-03-29,9.0,9.0,-0.25,0,2025-04-05
ak,2025-05-03,9.0,9.0,-0.1,0,2025-05-10
ak,2025-10-04,4.0,4.0,-0.2,0,2025-10-11
ak,2025-10-18,2.0,2.0,-0.6,0,2025-10-25
ak,2025-11-22,2.0,2.0,-0.6,0,2025-11-29
ak,2025-11-29,5.0,5.0,1.5,0,2025-12-06
ak,2025-12-06,9.0,9.0,0.8,0,2025-12-13
ak,2025-12-13,4.0,4.0,-0.5555555555555556,0,2025-12-20
ak,2025-12-27,9.0,9.0,0.125,0,2026-01-03
ak,2026-01-10,7.0,7.0,-0.3636363636363636,0,2026-01-17
ak,2026-01-24,8.0,8.0,1.6666666666666667,0,2026-01-31
ak,2026-02-07,5.0,5.0,0.25,0,2026-02-14
ak,2026-02-14,9.0,9.0,0.8,0,2026-02-21
ak,2026-03-21,5.0,5.0,-0.4444444444444444,0,2026-03-28
ak,2026-04-04,6.0,6.0,0.2,0,2026-04-11
ak,2026-04-11,2.0,2.0,-0.6666666666666666,0,2026-04-18
ak,2026-04-25,4.0,4.0,0.3333333333333333,0,2026-05-02
ak,2026-05-09,1.0,1.0,-0.5,0,2026-05-16
ak,2026-05-16,1.0,1.0,0.0,0,2026-05-23
ak,2026-05-23,0.0,0.0,-1.0,0,2026-05-30
ak,2026-05-30,1.0,1.0,,0,2026-06-06
ak,2026-06-06,0.0,0.0,-1.0,0,2026-06-13
ak,2026-06-13,2.0,2.0,,0,2026-06-20
ak,2026-06-20,2.0,2.0,0.0,0,2026-06-27
ak,2026-06-27,1.0,1.0,-0.5,0,2026-07-04
al,2023-02-11,459.0,459.0,-0.0764587525150905,0,2023-02-18
al,2023-06-17,135.0,135.0,0.1637931034482758,0,2023-06-24
al,2023-06-24,118.0,118.0,-0.1259259259259259,0,2023-07-01
al,2023-07-22,266.0,266.0,0.4148936170212766,1,2023-07-29
al,2024-02-24,427.0,427.0,-0.1577909270216962,0,2024-03-02
al,2024-11-02,115.0,115.0,1.446808510638298,0,2024-11-09
al,2024-11-16,71.0,71.0,-0.1341463414634146,0,2024-11-23
al,2024-11-30,100.0,100.0,0.1111111111111111,0,2024-12-07
al,2024-12-07,111.0,111.0,0.11,0,2024-12-14
al,2024-12-14,149.0,149.0,0.3423423423423423,0,2024-12-21
al,2024-12-21,215.0,215.0,0.4429530201342282,1,2024-12-28
al,2024-12-28,220.0,220.0,0.0232558139534883,0,2025-01-04
al,2025-01-11,192.0,192.0,-0.1069767441860465,0,2025-01-18
al,2025-01-18,178.0,178.0,-0.0729166666666666,0,2025-01-25
al,2025-01-25,212.0,212.0,0.1910112359550561,1,2025-02-01
al,2025-02-08,224.0,224.0,-0.013215859030837,0,2025-02-15
al,2025-03-01,238.0,238.0,0.138755980861244,1,2025-03-08
al,2025-03-08,245.0,245.0,0.0294117647058823,0,2025-03-15
al,2025-03-15,232.0,232.0,-0.0530612244897959,0,2025-03-22
al,2025-03-22,195.0,195.0,-0.1594827586206896,0,2025-03-29
al,2025-03-29,139.0,139.0,-0.2871794871794871,0,2025-04-05
al,2025-04-05,118.0,118.0,-0.1510791366906475,0,2025-04-12
al,2025-04-12,103.0,103.0,-0.1271186440677966,0,2025-04-19
al,2025-04-19,84.0,84.0,-0.1844660194174757,0,2025-04-26
al,2025-04-26,87.0,87.0,0.0357142857142857,0,2025-05-03
al,2025-05-03,65.0,65.0,-0.2528735632183908,0,2025-05-10
al,2025-05-10,83.0,83.0,0.2769230769230769,0,2025-05-17
al,2025-05-17,66.0,66.0,-0.2048192771084337,0,2025-05-24
al,2025-05-24,58.0,58.0,-0.1212121212121212,0,2025-05-31
al,2025-05-31,60.0,60.0,0.0344827586206896,0,2025-06-07
al,2025-06-07,60.0,60.0,0.0,0,2025-06-14
al,2025-06-14,49.0,49.0,-0.1833333333333333,0,2025-06-21
al,2025-06-21,66.0,66.0,0.3469387755102041,0,2025-06-28
al,2025-06-28,61.0,61.0,-0.0757575757575757,0,2025-07-05
al,2025-07-05,58.0,58.0,-0.0491803278688524,0,2025-07-12
al,2025-07-12,69.0,69.0,0.1896551724137931,0,2025-07-19
al,2025-07-19,70.0,70.0,0.0144927536231884,0,2025-07-26
al,2025-07-26,111.0,111.0,0.5857142857142857,0,2025-08-02
al,2025-08-02,133.0,133.0,0.1981981981981982,0,2025-08-09
al,2025-08-16,208.0,208.0,0.4647887323943662,1,2025-08-23
al,2025-08-23,199.0,199.0,-0.0432692307692307,0,2025-08-30
al,2025-08-30,241.0,241.0,0.2110552763819095,1,2025-09-06
al,2025-09-06,199.0,199.0,-0.1742738589211618,0,2025-09-13
al,2025-11-29,61.0,61.0,0.109090909090909,0,2025-12-06
al,2025-12-06,74.0,74.0,0.2131147540983606,0,2025-12-13
al,2025-12-13,92.0,92.0,0.2432432432432432,0,2025-12-20
al,2025-12-20,107.0,107.0,0.1630434782608695,0,2025-12-27
al,2025-12-27,145.0,145.0,0.3551401869158878,0,2026-01-03
al,2026-01-03,116.0,116.0,-0.2,0,2026-01-10
al,2026-01-10,140.0,140.0,0.2068965517241379,0,2026-01-17
al,2026-01-17,105.0,105.0,-0.25,0,2026-01-24
al,2026-01-24,110.0,110.0,0.0476190476190476,0,2026-01-31
al,2026-01-31,111.0,111.0,0.009090909090909,0,2026-02-07
al,2026-02-07,134.0,134.0,0.2072072072072072,0,2026-02-14
al,2026-02-14,120.0,120.0,-0.1044776119402985,0,2026-02-21
al,2026-02-21,108.0,108.0,-0.1,0,2026-02-28
al,2026-03-14,71.0,71.0,-0.1234567901234567,0,2026-03-21
al,2026-03-21,62.0,62.0,-0.1267605633802817,0,2026-03-28
al,2026-03-28,57.0,57.0,-0.0806451612903225,0,2026-04-04
al,2026-04-04,62.0,62.0,0.087719298245614,0,2026-04-11
al,2026-04-11,54.0,54.0,-0.1290322580645161,0,2026-04-18
al,2026-05-02,48.0,48.0,0.0909090909090909,0,2026-05-09
al,2026-05-09,34.0,34.0,-0.2916666666666667,0,2026-05-16
al,2026-05-16,46.0,46.0,0.3529411764705882,0,2026-05-23
al,2026-05-23,37.0,37.0,-0.1956521739130435,0,2026-05-30
al,2026-05-30,30.0,30.0,-0.1891891891891892,0,2026-06-06
al,2026-06-06,40.0,40.0,0.3333333333333333,0,2026-06-13
al,2026-06-27,33.0,33.0,0.03125,0,2026-07-04
ar,2022-10-08,131.0,131.0,-0.2640449438202247,0,2022-10-15
ar,2023-02-11,186.0,186.0,0.0054054054054054,0,2023-02-18
ar,2023-02-18,178.0,178.0,-0.043010752688172,0,2023-02-25
ar,2023-03-25,118.0,118.0,-0.1631205673758865,0,2023-04-01
ar,2023-04-08,117.0,117.0,0.1470588235294117,1,2023-04-15
ar,2023-05-06,131.0,131.0,0.4555555555555555,1,2023-05-13
ar,2023-05-20,90.0,90.0,-0.1262135922330097,0,2023-05-27
ar,2023-06-10,82.0,82.0,0.2238805970149253,1,2023-06-17
ar,2023-06-17,91.0,91.0,0.1097560975609756,1,2023-06-24
ar,2023-06-24,51.0,51.0,-0.4395604395604395,0,2023-07-01
ar,2023-07-01,35.0,35.0,-0.3137254901960784,0,2023-07-08
ar,2023-07-22,76.0,76.0,0.3103448275862069,0,2023-07-29
ar,2024-02-17,224.0,224.0,-0.0508474576271186,0,2024-02-24
ar,2024-04-06,64.0,64.0,-0.2289156626506024,0,2024-04-13
ar,2024-12-07,61.0,61.0,-0.0757575757575757,0,2024-12-14
ar,2024-12-28,153.0,153.0,0.224,1,2025-01-04
ar,2025-02-22,117.0,117.0,0.2061855670103092,1,2025-03-01
ar,2025-03-08,105.0,105.0,-0.0789473684210526,0,2025-03-15
ar,2025-03-15,61.0,61.0,-0.419047619047619,0,2025-03-22
ar,2025-03-22,77.0,77.0,0.2622950819672131,0,2025-03-29
ar,2025-04-19,25.0,25.0,-0.2424242424242424,0,2025-04-26
ar,2025-05-10,25.0,25.0,0.7857142857142857,0,2025-05-17
ar,2025-05-17,22.0,22.0,-0.12,0,2025-05-24
ar,2025-05-24,15.0,15.0,-0.3181818181818182,0,2025-05-31
ar,2025-05-31,20.0,20.0,0.3333333333333333,0,2025-06-07
ar,2025-06-07,14.0,14.0,-0.3,0,2025-06-14
ar,2025-06-14,18.0,18.0,0.2857142857142857,0,2025-06-21
ar,2025-06-21,19.0,19.0,0.0555555555555555,0,2025-06-28
ar,2025-06-28,14.0,14.0,-0.2631578947368421,0,2025-07-05
ar,2025-07-05,14.0,14.0,0.0,0,2025-07-12
ar,2025-07-19,20.0,20.0,0.0526315789473684,0,2025-07-26
ar,2025-07-26,14.0,14.0,-0.3,0,2025-08-02
ar,2025-08-02,15.0,15.0,0.0714285714285714,0,2025-08-09
ar,2025-10-25,31.0,31.0,0.0689655172413793,0,2025-11-01
ar,2025-11-01,26.0,26.0,-0.1612903225806451,0,2025-11-08
ar,2025-12-06,35.0,35.0,-0.0277777777777777,0,2025-12-13
ar,2025-12-13,37.0,37.0,0.0571428571428571,0,2025-12-20
ar,2026-02-07,58.0,58.0,0.3488372093023256,0,2026-02-14
ar,2026-02-28,46.0,46.0,0.1219512195121951,0,2026-03-07
ar,2026-03-07,44.0,44.0,-0.0434782608695652,0,2026-03-14
ar,2026-03-21,29.0,29.0,0.074074074074074,0,2026-03-28
ar,2026-04-18,14.0,14.0,-0.125,0,2026-04-25
ar,2026-05-09,11.0,11.0,0.8333333333333334,0,2026-05-16
ar,2026-05-16,7.0,7.0,-0.3636363636363636,0,2026-05-23
ar,2026-05-23,3.0,3.0,-0.5714285714285714,0,2026-05-30
ar,2026-05-30,2.0,2.0,-0.3333333333333333,0,2026-06-06
ar,2026-06-06,5.0,5.0,1.5,0,2026-06-13
ar,2026-06-13,4.0,4.0,-0.2,0,2026-06-20
ar,2026-06-20,5.0,5.0,0.25,0,2026-06-27
ar,2026-06-27,1.0,1.0,-0.8,0,2026-07-04
az,2022-02-26,861.0,861.0,-0.2519548218940052,0,2022-03-05
az,2022-03-12,468.0,468.0,-0.3117647058823529,0,2022-03-19
az,2022-03-19,419.0,419.0,-0.1047008547008547,0,2022-03-26
az,2022-03-26,317.0,317.0,-0.2434367541766109,0,2022-04-02
az,2022-04-02,337.0,337.0,0.0630914826498422,0,2022-04-09
az,2022-04-09,261.0,261.0,-0.2255192878338278,0,2022-04-16
az,2022-04-16,262.0,262.0,0.003831417624521,0,2022-04-23
az,2022-04-23,255.0,255.0,-0.0267175572519083,0,2022-04-30
az,2022-04-30,374.0,374.0,0.4666666666666667,0,2022-05-07
az,2022-05-14,406.0,406.0,0.1032608695652173,1,2022-05-21
az,2022-05-21,442.0,442.0,0.0886699507389162,0,2022-05-28
az,2022-05-28,582.0,582.0,0.3167420814479638,1,2022-06-04
az,2022-06-04,649.0,649.0,0.1151202749140893,1,2022-06-11
az,2022-06-18,767.0,767.0,0.1197080291970802,1,2022-06-25
az,2022-07-02,811.0,811.0,0.0532467532467532,0,2022-07-09
az,2022-07-09,875.0,875.0,0.0789149198520345,0,2022-07-16
az,2022-08-20,483.0,483.0,-0.2333333333333333,0,2022-08-27
az,2022-08-27,443.0,443.0,-0.082815734989648,0,2022-09-03
az,2022-09-03,388.0,388.0,-0.1241534988713318,0,2022-09-10
az,2022-09-10,308.0,308.0,-0.2061855670103092,0,2022-09-17
az,2022-09-17,291.0,291.0,-0.0551948051948051,0,2022-09-24
az,2022-09-24,299.0,299.0,0.0274914089347079,0,2022-10-01
az,2022-10-01,286.0,286.0,-0.0434782608695652,0,2022-10-08
az,2022-10-08,262.0,262.0,-0.0839160839160839,0,2022-10-15
az,2022-10-15,361.0,361.0,0.3778625954198473,0,2022-10-22
az,2022-10-22,359.0,359.0,-0.0055401662049861,0,2022-10-29
az,2022-10-29,525.0,525.0,0.4623955431754875,1,2022-11-05
az,2022-11-05,707.0,707.0,0.3466666666666667,1,2022-11-12
az,2022-11-12,906.0,906.0,0.2814710042432815,1,2022-11-19
az,2022-11-19,1093.0,1093.0,0.206401766004415,1,2022-11-26
az,2022-11-26,1247.0,1247.0,0.1408966148215919,1,2022-12-03
az,2022-12-03,1232.0,1232.0,-0.012028869286287,0,2022-12-10
az,2022-12-17,837.0,837.0,-0.1207983193277311,0,2022-12-24
az,2022-12-24,830.0,830.0,-0.008363201911589,0,2022-12-31
az,2023-01-21,376.0,376.0,-0.1569506726457399,0,2023-01-28
az,2023-01-28,380.0,380.0,0.0106382978723404,0,2023-02-04
az,2023-02-04,386.0,386.0,0.0157894736842105,0,2023-02-11
az,2023-02-11,369.0,369.0,-0.044041450777202,0,2023-02-18
az,2023-03-04,439.0,439.0,0.1030150753768844,1,2023-03-11
az,2023-03-25,313.0,313.0,-0.2135678391959799,0,2023-04-01
az,2023-04-08,360.0,360.0,0.0746268656716417,0,2023-04-15
az,2023-05-06,260.0,260.0,-0.1245791245791245,0,2023-05-13
az,2023-05-20,173.0,173.0,-0.290983606557377,0,2023-05-27
az,2023-05-27,191.0,191.0,0.1040462427745664,0,2023-06-03
az,2023-06-03,178.0,178.0,-0.0680628272251308,0,2023-06-10
az,2023-06-10,165.0,165.0,-0.0730337078651685,0,2023-06-17
az,2023-06-17,168.0,168.0,0.0181818181818181,0,2023-06-24
az,2023-06-24,160.0,160.0,-0.0476190476190476,0,2023-07-01
az,2023-07-01,165.0,165.0,0.03125,0,2023-07-08
az,2023-07-08,201.0,201.0,0.2181818181818181,0,2023-07-15
az,2023-07-15,160.0,160.0,-0.2039800995024875,0,2023-07-22
az,2023-07-22,121.0,121.0,-0.24375,0,2023-07-29
az,2023-07-29,149.0,149.0,0.2314049586776859,0,2023-08-05
az,2023-08-05,152.0,152.0,0.0201342281879194,0,2023-08-12
az,2023-08-12,213.0,213.0,0.4013157894736842,0,2023-08-19
az,2023-08-19,253.0,253.0,0.1877934272300469,0,2023-08-26
az,2023-09-16,281.0,281.0,-0.0726072607260726,0,2023-09-23
az,2023-09-23,329.0,329.0,0.1708185053380783,0,2023-09-30
az,2023-10-28,421.0,421.0,-0.0232018561484918,0,2023-11-04
az,2023-11-04,502.0,502.0,0.1923990498812351,1,2023-11-11
az,2023-11-11,566.0,566.0,0.1274900398406374,1,2023-11-18
az,2023-11-25,518.0,518.0,-0.044280442804428,0,2023-12-02
az,2023-12-09,482.0,482.0,0.0547045951859956,0,2023-12-16
az,2023-12-16,523.0,523.0,0.0850622406639004,0,2023-12-23
az,2024-01-06,582.0,582.0,-0.0976744186046511,0,2024-01-13
az,2024-03-02,196.0,196.0,-0.1900826446280991,0,2024-03-09
az,2024-03-09,183.0,183.0,-0.0663265306122449,0,2024-03-16
az,2024-03-16,157.0,157.0,-0.1420765027322404,0,2024-03-23
az,2024-03-23,157.0,157.0,0.0,0,2024-03-30
az,2024-03-30,146.0,146.0,-0.0700636942675159,0,2024-04-06
az,2024-04-06,143.0,143.0,-0.0205479452054794,0,2024-04-13
az,2024-04-13,101.0,101.0,-0.2937062937062937,0,2024-04-20
az,2024-04-20,95.0,95.0,-0.0594059405940594,0,2024-04-27
az,2024-10-26,462.0,462.0,,0,2024-11-02
az,2024-11-02,532.0,532.0,0.1515151515151515,1,2024-11-09
az,2024-11-09,688.0,688.0,0.2932330827067669,1,2024-11-16
az,2024-11-23,757.0,757.0,-0.0381194409148665,0,2024-11-30
az,2024-11-30,858.0,858.0,0.1334214002642008,1,2024-12-07
az,2024-12-14,771.0,771.0,0.0104849279161205,0,2024-12-21
az,2025-01-18,312.0,312.0,-0.3097345132743362,0,2025-01-25
az,2025-01-25,411.0,411.0,0.3173076923076923,1,2025-02-01
az,2025-02-08,324.0,324.0,0.0220820189274447,0,2025-02-15
az,2025-02-22,279.0,279.0,0.029520295202952,0,2025-03-01
az,2025-03-01,227.0,227.0,-0.1863799283154122,0,2025-03-08
az,2025-03-08,179.0,179.0,-0.211453744493392,0,2025-03-15
az,2025-03-15,199.0,199.0,0.1117318435754189,0,2025-03-22
az,2025-03-22,191.0,191.0,-0.0402010050251256,0,2025-03-29
az,2025-03-29,178.0,178.0,-0.0680628272251308,0,2025-04-05
az,2025-04-05,136.0,136.0,-0.2359550561797752,0,2025-04-12
az,2025-04-12,145.0,145.0,0.0661764705882353,0,2025-04-19
az,2025-04-19,118.0,118.0,-0.1862068965517241,0,2025-04-26
az,2025-04-26,77.0,77.0,-0.3474576271186441,0,2025-05-03
az,2025-05-03,77.0,77.0,0.0,0,2025-05-10
az,2025-05-10,88.0,88.0,0.1428571428571428,0,2025-05-17
az,2025-05-17,78.0,78.0,-0.1136363636363636,0,2025-05-24
az,2025-05-24,79.0,79.0,0.0128205128205128,0,2025-05-31
az,2025-05-31,79.0,79.0,0.0,0,2025-06-07
az,2025-06-07,67.0,67.0,-0.1518987341772152,0,2025-06-14
az,2025-06-14,80.0,80.0,0.1940298507462686,0,2025-06-21
az,2025-06-21,81.0,81.0,0.0125,0,2025-06-28
az,2025-06-28,78.0,78.0,-0.037037037037037,0,2025-07-05
az,2025-07-05,76.0,76.0,-0.0256410256410256,0,2025-07-12
az,2025-07-12,80.0,80.0,0.0526315789473684,0,2025-07-19
az,2025-07-19,79.0,79.0,-0.0125,0,2025-07-26
az,2025-07-26,93.0,93.0,0.1772151898734177,0,2025-08-02
az,2025-08-02,116.0,116.0,0.2473118279569892,0,2025-08-09
az,2025-08-09,131.0,131.0,0.1293103448275862,0,2025-08-16
az,2025-08-16,167.0,167.0,0.2748091603053435,0,2025-08-23
az,2025-08-30,158.0,158.0,-0.1813471502590673,0,2025-09-06
az,2025-09-06,142.0,142.0,-0.1012658227848101,0,2025-09-13
az,2025-09-13,144.0,144.0,0.0140845070422535,0,2025-09-20
az,2025-09-20,120.0,120.0,-0.1666666666666666,0,2025-09-27
az,2025-10-04,91.0,91.0,-0.1415094339622641,0,2025-10-11
az,2025-10-11,88.0,88.0,-0.0329670329670329,0,2025-10-18
az,2025-10-18,83.0,83.0,-0.0568181818181818,0,2025-10-25
az,2025-10-25,90.0,90.0,0.0843373493975903,0,2025-11-01
az,2025-11-01,76.0,76.0,-0.1555555555555555,0,2025-11-08
az,2025-11-08,80.0,80.0,0.0526315789473684,0,2025-11-15
az,2025-11-15,93.0,93.0,0.1625,0,2025-11-22
az,2025-11-22,82.0,82.0,-0.1182795698924731,0,2025-11-29
az,2025-11-29,58.0,58.0,-0.2926829268292683,0,2025-12-06
az,2025-12-06,70.0,70.0,0.2068965517241379,0,2025-12-13
az,2025-12-13,82.0,82.0,0.1714285714285714,0,2025-12-20
az,2025-12-20,96.0,96.0,0.1707317073170731,0,2025-12-27
az,2025-12-27,82.0,82.0,-0.1458333333333333,0,2026-01-03
az,2026-01-03,92.0,92.0,0.1219512195121951,0,2026-01-10
az,2026-01-10,73.0,73.0,-0.2065217391304347,0,2026-01-17
az,2026-01-17,57.0,57.0,-0.2191780821917808,0,2026-01-24
az,2026-01-24,49.0,49.0,-0.1403508771929824,0,2026-01-31
az,2026-01-31,75.0,75.0,0.5306122448979592,0,2026-02-07
az,2026-02-07,65.0,65.0,-0.1333333333333333,0,2026-02-14
az,2026-02-14,68.0,68.0,0.0461538461538461,0,2026-02-21
az,2026-02-21,72.0,72.0,0.0588235294117647,0,2026-02-28
az,2026-02-28,57.0,57.0,-0.2083333333333333,0,2026-03-07
az,2026-03-07,56.0,56.0,-0.0175438596491228,0,2026-03-14
az,2026-03-14,37.0,37.0,-0.3392857142857143,0,2026-03-21
az,2026-03-21,31.0,31.0,-0.1621621621621621,0,2026-03-28
az,2026-03-28,27.0,27.0,-0.1290322580645161,0,2026-04-04
az,2026-04-04,19.0,19.0,-0.2962962962962963,0,2026-04-11
az,2026-04-11,26.0,26.0,0.3684210526315789,0,2026-04-18
az,2026-04-18,25.0,25.0,-0.0384615384615384,0,2026-04-25
az,2026-04-25,29.0,29.0,0.16,0,2026-05-02
az,2026-05-02,26.0,26.0,-0.1034482758620689,0,2026-05-09
az,2026-05-09,30.0,30.0,0.1538461538461538,0,2026-05-16
az,2026-05-16,32.0,32.0,0.0666666666666666,0,2026-05-23
az,2026-05-23,34.0,34.0,0.0625,0,2026-05-30
az,2026-05-30,27.0,27.0,-0.2058823529411764,0,2026-06-06
az,2026-06-06,27.0,27.0,0.0,0,2026-06-13
az,2026-06-13,23.0,23.0,-0.1481481481481481,0,2026-06-20
az,2026-06-20,18.0,18.0,-0.217391304347826,0,2026-06-27
az,2026-06-27,14.0,14.0,-0.2222222222222222,0,2026-07-04
ca,2022-01-01,11111.0,11111.0,0.7851863753213367,1,2022-01-08
ca,2022-01-08,14412.0,14412.0,0.2970929709297093,1,2022-01-15
ca,2022-01-15,14735.0,14735.0,0.0224118789897307,0,2022-01-22
ca,2022-01-22,13152.0,13152.0,-0.1074312860536138,0,2022-01-29
ca,2022-01-29,9973.0,9973.0,-0.2417122871046228,0,2022-02-05
ca,2022-02-05,7660.0,7660.0,-0.2319262007420034,0,2022-02-12
ca,2022-02-12,5236.0,5236.0,-0.3164490861618799,0,2022-02-19
ca,2022-02-19,3694.0,3694.0,-0.2944996180290298,0,2022-02-26
ca,2022-02-26,2946.0,2946.0,-0.202490525175961,0,2022-03-05
ca,2022-03-05,2106.0,2106.0,-0.285132382892057,0,2022-03-12
ca,2022-03-12,1629.0,1629.0,-0.2264957264957265,0,2022-03-19
ca,2022-03-19,1302.0,1302.0,-0.2007366482504604,0,2022-03-26
ca,2022-03-26,1011.0,1011.0,-0.2235023041474654,0,2022-04-02
ca,2022-04-02,964.0,964.0,-0.0464886251236399,0,2022-04-09
ca,2022-04-09,876.0,876.0,-0.0912863070539419,0,2022-04-16
ca,2022-04-16,1017.0,1017.0,0.160958904109589,0,2022-04-23
ca,2022-09-24,2202.0,2202.0,-0.0553410553410553,0,2022-10-01
ca,2023-01-28,2878.0,2878.0,0.021291696238467,0,2023-02-04
ca,2023-04-08,1766.0,1766.0,-0.0050704225352112,0,2023-04-15
ca,2023-06-17,1193.0,1193.0,-0.0787644787644787,0,2023-06-24
ca,2023-06-24,1181.0,1181.0,-0.0100586756077116,0,2023-07-01
ca,2023-07-15,1398.0,1398.0,0.1025236593059936,0,2023-07-22
ca,2023-08-05,2034.0,2034.0,0.2049763033175355,1,2023-08-12
ca,2024-02-17,1687.0,1687.0,-0.1636093207734258,0,2024-02-24
ca,2024-03-02,1262.0,1262.0,-0.1592271818787475,0,2024-03-09
ca,2024-03-16,1006.0,1006.0,-0.1001788908765653,0,2024-03-23
ca,2024-11-16,689.0,689.0,-0.0363636363636363,0,2024-11-23
ca,2024-12-07,763.0,763.0,-0.0230473751600512,0,2024-12-14
ca,2024-12-14,863.0,863.0,0.1310615989515072,0,2024-12-21
ca,2024-12-28,1069.0,1069.0,0.0919305413687436,0,2025-01-04
ca,2025-01-04,977.0,977.0,-0.0860617399438727,0,2025-01-11
ca,2025-01-11,973.0,973.0,-0.0040941658137154,0,2025-01-18
ca,2025-01-18,953.0,953.0,-0.0205549845837615,0,2025-01-25
ca,2025-02-01,944.0,944.0,-0.0817120622568093,0,2025-02-08
ca,2025-02-08,891.0,891.0,-0.0561440677966101,0,2025-02-15
ca,2025-02-15,738.0,738.0,-0.1717171717171717,0,2025-02-22
ca,2025-02-22,694.0,694.0,-0.059620596205962,0,2025-03-01
ca,2025-03-01,636.0,636.0,-0.0835734870317002,0,2025-03-08
ca,2025-03-08,609.0,609.0,-0.0424528301886792,0,2025-03-15
ca,2025-03-15,609.0,609.0,0.0,0,2025-03-22
ca,2025-03-22,598.0,598.0,-0.0180623973727422,0,2025-03-29
ca,2025-03-29,527.0,527.0,-0.1187290969899665,0,2025-04-05
ca,2025-04-05,625.0,625.0,0.1859582542694497,0,2025-04-12
ca,2025-04-12,543.0,543.0,-0.1312,0,2025-04-19
ca,2025-04-19,550.0,550.0,0.012891344383057,0,2025-04-26
ca,2025-04-26,483.0,483.0,-0.1218181818181818,0,2025-05-03
ca,2025-05-03,512.0,512.0,0.0600414078674948,0,2025-05-10
ca,2025-05-10,514.0,514.0,0.00390625,0,2025-05-17
ca,2025-05-17,595.0,595.0,0.1575875486381323,0,2025-05-24
ca,2025-05-24,625.0,625.0,0.0504201680672268,0,2025-05-31
ca,2025-05-31,623.0,623.0,-0.0032,0,2025-06-07
ca,2025-06-07,552.0,552.0,-0.1139646869983948,0,2025-06-14
ca,2025-06-14,580.0,580.0,0.0507246376811594,0,2025-06-21
ca,2025-06-21,588.0,588.0,0.0137931034482758,0,2025-06-28
ca,2025-06-28,631.0,631.0,0.0731292517006802,0,2025-07-05
ca,2025-07-05,686.0,686.0,0.0871632329635499,0,2025-07-12
ca,2025-07-12,746.0,746.0,0.0874635568513119,0,2025-07-19
ca,2025-07-19,757.0,757.0,0.0147453083109919,0,2025-07-26
ca,2025-07-26,944.0,944.0,0.2470277410832232,0,2025-08-02
ca,2025-08-02,1063.0,1063.0,0.1260593220338983,0,2025-08-09
ca,2025-08-09,1220.0,1220.0,0.147695202257761,0,2025-08-16
ca,2025-10-11,609.0,609.0,-0.2251908396946564,0,2025-10-18
ca,2025-10-18,511.0,511.0,-0.160919540229885,0,2025-10-25
ca,2025-11-01,385.0,385.0,-0.1825902335456475,0,2025-11-08
ca,2025-11-08,298.0,298.0,-0.2259740259740259,0,2025-11-15
ca,2025-11-15,302.0,302.0,0.0134228187919463,0,2025-11-22
ca,2025-11-22,241.0,241.0,-0.2019867549668874,0,2025-11-29
ca,2025-11-29,267.0,267.0,0.1078838174273859,0,2025-12-06
ca,2025-12-06,293.0,293.0,0.097378277153558,0,2025-12-13
ca,2025-12-13,317.0,317.0,0.0819112627986348,0,2025-12-20
ca,2025-12-20,344.0,344.0,0.085173501577287,0,2025-12-27
ca,2025-12-27,345.0,345.0,0.002906976744186,0,2026-01-03
ca,2026-01-03,338.0,338.0,-0.0202898550724637,0,2026-01-10
ca,2026-01-10,303.0,303.0,-0.1035502958579881,0,2026-01-17
ca,2026-01-17,283.0,283.0,-0.066006600660066,0,2026-01-24
ca,2026-01-24,268.0,268.0,-0.0530035335689045,0,2026-01-31
ca,2026-01-31,325.0,325.0,0.2126865671641791,0,2026-02-07
ca,2026-02-07,345.0,345.0,0.0615384615384615,0,2026-02-14
ca,2026-02-14,293.0,293.0,-0.1507246376811594,0,2026-02-21
ca,2026-02-21,279.0,279.0,-0.0477815699658703,0,2026-02-28
ca,2026-02-28,238.0,238.0,-0.1469534050179211,0,2026-03-07
ca,2026-03-07,205.0,205.0,-0.1386554621848739,0,2026-03-14
ca,2026-03-14,219.0,219.0,0.0682926829268292,0,2026-03-21
ca,2026-03-21,177.0,177.0,-0.1917808219178082,0,2026-03-28
ca,2026-03-28,152.0,152.0,-0.1412429378531073,0,2026-04-04
ca,2026-04-04,160.0,160.0,0.0526315789473684,0,2026-04-11
ca,2026-04-11,142.0,142.0,-0.1125,0,2026-04-18
ca,2026-04-18,147.0,147.0,0.0352112676056338,0,2026-04-25
ca,2026-04-25,164.0,164.0,0.1156462585034013,0,2026-05-02
ca,2026-05-02,171.0,171.0,0.0426829268292682,0,2026-05-09
ca,2026-05-09,151.0,151.0,-0.1169590643274853,0,2026-05-16
ca,2026-05-16,170.0,170.0,0.1258278145695364,0,2026-05-23
ca,2026-05-23,121.0,121.0,-0.288235294117647,0,2026-05-30
ca,2026-05-30,155.0,155.0,0.2809917355371901,0,2026-06-06
ca,2026-06-06,137.0,137.0,-0.1161290322580645,0,2026-06-13
ca,2026-06-13,148.0,148.0,0.0802919708029197,0,2026-06-20
ca,2026-06-20,124.0,124.0,-0.1621621621621621,0,2026-06-27
ca,2026-06-27,152.0,152.0,0.2258064516129032,0,2026-07-04
co,2022-03-05,230.0,230.0,-0.1726618705035971,0,2022-03-12
co,2022-03-12,150.0,150.0,-0.3478260869565217,0,2022-03-19
co,2022-03-19,133.0,133.0,-0.1133333333333333,0,2022-03-26
co,2022-03-26,123.0,123.0,-0.075187969924812,0,2022-04-02
co,2022-04-02,101.0,101.0,-0.1788617886178861,0,2022-04-09
co,2022-04-09,111.0,111.0,0.099009900990099,0,2022-04-16
co,2022-04-16,185.0,185.0,0.6666666666666666,0,2022-04-23
co,2022-04-23,183.0,183.0,-0.0108108108108108,0,2022-04-30
co,2022-04-30,255.0,255.0,0.3934426229508196,0,2022-05-07
co,2022-05-14,345.0,345.0,0.332046332046332,1,2022-05-21
co,2022-05-21,381.0,381.0,0.1043478260869565,1,2022-05-28
co,2022-07-30,499.0,499.0,-0.0234833659491193,0,2022-08-06
co,2022-08-20,359.0,359.0,-0.0323450134770889,0,2022-08-27
co,2022-09-03,311.0,311.0,-0.1189801699716713,0,2022-09-10
co,2022-09-17,271.0,271.0,-0.1762917933130699,0,2022-09-24
co,2022-10-29,504.0,504.0,0.3193717277486911,1,2022-11-05
co,2022-12-17,564.0,564.0,-0.0521008403361344,0,2022-12-24
co,2022-12-31,439.0,439.0,-0.1669829222011385,0,2023-01-07
co,2023-01-28,306.0,306.0,0.1291512915129151,1,2023-02-04
co,2023-02-04,305.0,305.0,-0.0032679738562091,0,2023-02-11
co,2023-02-11,327.0,327.0,0.0721311475409836,0,2023-02-18
co,2023-03-04,315.0,315.0,-0.0680473372781065,0,2023-03-11
co,2023-03-11,315.0,315.0,0.0,0,2023-03-18
co,2023-03-25,271.0,271.0,-0.1258064516129032,0,2023-04-01
co,2023-04-01,250.0,250.0,-0.077490774907749,0,2023-04-08
co,2023-04-08,273.0,273.0,0.092,0,2023-04-15
co,2023-04-15,212.0,212.0,-0.2234432234432234,0,2023-04-22
co,2023-04-22,149.0,149.0,-0.2971698113207547,0,2023-04-29
co,2023-04-29,173.0,173.0,0.1610738255033557,0,2023-05-06
co,2023-05-06,148.0,148.0,-0.1445086705202312,0,2023-05-13
co,2023-05-13,146.0,146.0,-0.0135135135135135,0,2023-05-20
co,2023-05-20,130.0,130.0,-0.1095890410958904,0,2023-05-27
co,2023-05-27,111.0,111.0,-0.1461538461538461,0,2023-06-03
co,2023-06-03,116.0,116.0,0.045045045045045,0,2023-06-10
co,2023-06-10,82.0,82.0,-0.293103448275862,0,2023-06-17
co,2023-06-17,101.0,101.0,0.2317073170731707,0,2023-06-24
co,2023-06-24,93.0,93.0,-0.0792079207920792,0,2023-07-01
co,2023-07-08,87.0,87.0,0.45,0,2023-07-15
co,2023-07-15,95.0,95.0,0.0919540229885057,0,2023-07-22
co,2023-07-22,93.0,93.0,-0.0210526315789473,0,2023-07-29
co,2023-07-29,118.0,118.0,0.2688172043010752,0,2023-08-05
co,2023-08-05,134.0,134.0,0.135593220338983,0,2023-08-12
co,2023-08-12,155.0,155.0,0.1567164179104477,0,2023-08-19
co,2023-08-19,203.0,203.0,0.3096774193548387,0,2023-08-26
co,2023-09-09,306.0,306.0,0.1333333333333333,1,2023-09-16
co,2023-09-23,342.0,342.0,0.1438127090301003,1,2023-09-30
co,2023-10-07,434.0,434.0,0.2916666666666667,1,2023-10-14
co,2023-10-21,478.0,478.0,0.091324200913242,0,2023-10-28
co,2023-12-16,457.0,457.0,0.0752941176470588,0,2023-12-23
co,2024-01-27,270.0,270.0,-0.0878378378378378,0,2024-02-03
co,2024-02-10,241.0,241.0,0.00836820083682,0,2024-02-17
co,2024-02-24,137.0,137.0,-0.3349514563106796,0,2024-03-02
co,2024-03-02,129.0,129.0,-0.0583941605839416,0,2024-03-09
co,2024-03-09,121.0,121.0,-0.0620155038759689,0,2024-03-16
co,2024-03-23,124.0,124.0,0.087719298245614,0,2024-03-30
co,2024-03-30,97.0,97.0,-0.2177419354838709,0,2024-04-06
co,2024-04-06,84.0,84.0,-0.134020618556701,0,2024-04-13
co,2024-04-13,68.0,68.0,-0.1904761904761904,0,2024-04-20
co,2024-04-20,82.0,82.0,0.2058823529411764,0,2024-04-27
co,2024-11-02,145.0,145.0,1.164179104477612,0,2024-11-09
co,2024-11-09,163.0,163.0,0.1241379310344827,0,2024-11-16
co,2024-11-16,153.0,153.0,-0.0613496932515337,0,2024-11-23
co,2024-11-23,171.0,171.0,0.1176470588235294,0,2024-11-30
co,2024-11-30,183.0,183.0,0.0701754385964912,0,2024-12-07
co,2024-12-07,173.0,173.0,-0.0546448087431694,0,2024-12-14
co,2024-12-14,231.0,231.0,0.3352601156069364,0,2024-12-21
co,2024-12-28,335.0,335.0,0.1551724137931034,1,2025-01-04
co,2025-01-04,236.0,236.0,-0.2955223880597015,0,2025-01-11
co,2025-01-11,172.0,172.0,-0.2711864406779661,0,2025-01-18
co,2025-01-18,166.0,166.0,-0.0348837209302325,0,2025-01-25
co,2025-01-25,153.0,153.0,-0.0783132530120482,0,2025-02-01
co,2025-02-01,135.0,135.0,-0.1176470588235294,0,2025-02-08
co,2025-02-08,131.0,131.0,-0.0296296296296296,0,2025-02-15
co,2025-02-22,81.0,81.0,-0.2429906542056074,0,2025-03-01
co,2025-03-01,96.0,96.0,0.1851851851851851,0,2025-03-08
co,2025-03-08,104.0,104.0,0.0833333333333333,0,2025-03-15
co,2025-03-15,79.0,79.0,-0.2403846153846154,0,2025-03-22
co,2025-03-22,72.0,72.0,-0.0886075949367088,0,2025-03-29
co,2025-03-29,65.0,65.0,-0.0972222222222222,0,2025-04-05
co,2025-04-05,64.0,64.0,-0.0153846153846153,0,2025-04-12
co,2025-04-12,56.0,56.0,-0.125,0,2025-04-19
co,2025-04-19,38.0,38.0,-0.3214285714285714,0,2025-04-26
co,2025-04-26,42.0,42.0,0.1052631578947368,0,2025-05-03
co,2025-05-03,26.0,26.0,-0.3809523809523809,0,2025-05-10
co,2025-05-10,51.0,51.0,0.9615384615384616,0,2025-05-17
co,2025-05-17,44.0,44.0,-0.1372549019607843,0,2025-05-24
co,2025-05-24,41.0,41.0,-0.0681818181818181,0,2025-05-31
co,2025-05-31,43.0,43.0,0.048780487804878,0,2025-06-07
co,2025-06-07,32.0,32.0,-0.2558139534883721,0,2025-06-14
co,2025-06-14,44.0,44.0,0.375,0,2025-06-21
co,2025-06-21,31.0,31.0,-0.2954545454545454,0,2025-06-28
co,2025-06-28,30.0,30.0,-0.032258064516129,0,2025-07-05
co,2025-07-05,32.0,32.0,0.0666666666666666,0,2025-07-12
co,2025-07-12,47.0,47.0,0.46875,0,2025-07-19
co,2025-07-19,39.0,39.0,-0.1702127659574468,0,2025-07-26
co,2025-07-26,54.0,54.0,0.3846153846153846,0,2025-08-02
co,2025-08-02,71.0,71.0,0.3148148148148148,0,2025-08-09
co,2025-08-09,85.0,85.0,0.1971830985915492,0,2025-08-16
co,2025-08-16,103.0,103.0,0.2117647058823529,0,2025-08-23
co,2025-08-23,98.0,98.0,-0.0485436893203883,0,2025-08-30
co,2025-08-30,103.0,103.0,0.0510204081632653,0,2025-09-06
co,2025-09-06,102.0,102.0,-0.0097087378640776,0,2025-09-13
co,2025-09-13,111.0,111.0,0.088235294117647,0,2025-09-20
co,2025-09-27,73.0,73.0,-0.1797752808988764,0,2025-10-04
co,2025-10-04,55.0,55.0,-0.2465753424657534,0,2025-10-11
co,2025-10-11,51.0,51.0,-0.0727272727272727,0,2025-10-18
co,2025-10-18,48.0,48.0,-0.0588235294117647,0,2025-10-25
co,2025-10-25,27.0,27.0,-0.4375,0,2025-11-01
co,2025-11-01,32.0,32.0,0.1851851851851851,0,2025-11-08
co,2025-11-08,36.0,36.0,0.125,0,2025-11-15
co,2025-11-15,46.0,46.0,0.2777777777777778,0,2025-11-22
co,2025-11-22,47.0,47.0,0.0217391304347826,0,2025-11-29
co,2025-11-29,68.0,68.0,0.4468085106382978,0,2025-12-06
co,2025-12-06,66.0,66.0,-0.0294117647058823,0,2025-12-13
co,2025-12-13,92.0,92.0,0.3939393939393939,0,2025-12-20
co,2025-12-20,100.0,100.0,0.0869565217391304,0,2025-12-27
co,2025-12-27,128.0,128.0,0.28,0,2026-01-03
co,2026-01-03,110.0,110.0,-0.140625,0,2026-01-10
co,2026-01-10,111.0,111.0,0.009090909090909,0,2026-01-17
co,2026-01-17,75.0,75.0,-0.3243243243243243,0,2026-01-24
co,2026-01-24,84.0,84.0,0.12,0,2026-01-31
co,2026-01-31,97.0,97.0,0.1547619047619047,0,2026-02-07
co,2026-02-07,103.0,103.0,0.0618556701030927,0,2026-02-14
co,2026-02-14,99.0,99.0,-0.0388349514563106,0,2026-02-21
co,2026-02-21,81.0,81.0,-0.1818181818181818,0,2026-02-28
co,2026-02-28,65.0,65.0,-0.1975308641975308,0,2026-03-07
co,2026-03-07,67.0,67.0,0.0307692307692307,0,2026-03-14
co,2026-03-14,37.0,37.0,-0.4477611940298507,0,2026-03-21
co,2026-03-21,14.0,14.0,-0.6216216216216216,0,2026-03-28
co,2026-03-28,6.0,6.0,-0.5714285714285714,0,2026-04-04
co,2026-04-04,7.0,7.0,0.1666666666666666,0,2026-04-11
co,2026-04-11,6.0,6.0,-0.1428571428571428,0,2026-04-18
co,2026-04-18,18.0,18.0,2.0,0,2026-04-25
co,2026-04-25,16.0,16.0,-0.1111111111111111,0,2026-05-02
co,2026-05-02,18.0,18.0,0.125,0,2026-05-09
co,2026-05-09,13.0,13.0,-0.2777777777777778,0,2026-05-16
co,2026-05-16,6.0,6.0,-0.5384615384615384,0,2026-05-23
co,2026-05-23,7.0,7.0,0.1666666666666666,0,2026-05-30
co,2026-05-30,6.0,6.0,-0.1428571428571428,0,2026-06-06
co,2026-06-06,8.0,8.0,0.3333333333333333,0,2026-06-13
co,2026-06-13,9.0,9.0,0.125,0,2026-06-20
co,2026-06-20,8.0,8.0,-0.1111111111111111,0,2026-06-27
co,2026-06-27,3.0,3.0,-0.625,0,2026-07-04
ct,2023-02-18,384.0,384.0,-0.0588235294117647,0,2023-02-25
ct,2024-03-16,85.0,85.0,-0.3089430894308943,0,2024-03-23
ct,2024-03-23,69.0,69.0,-0.188235294117647,0,2024-03-30
ct,2024-03-30,89.0,89.0,0.2898550724637681,0,2024-04-06
ct,2024-04-06,59.0,59.0,-0.3370786516853932,0,2024-04-13
ct,2024-04-13,55.0,55.0,-0.0677966101694915,0,2024-04-20
ct,2024-04-20,44.0,44.0,-0.2,0,2024-04-27
ct,2025-05-10,42.0,42.0,-0.16,0,2025-05-17
ct,2025-05-24,30.0,30.0,0.1111111111111111,0,2025-05-31
ct,2025-10-25,38.0,38.0,-0.05,0,2025-11-01
ct,2025-12-27,154.0,154.0,0.1240875912408759,1,2026-01-03
ct,2026-03-21,28.0,28.0,-0.1764705882352941,0,2026-03-28
ct,2026-03-28,32.0,32.0,0.1428571428571428,0,2026-04-04
ct,2026-04-04,28.0,28.0,-0.125,0,2026-04-11
ct,2026-04-25,13.0,13.0,-0.2352941176470588,0,2026-05-02
ct,2026-05-02,12.0,12.0,-0.0769230769230769,0,2026-05-09
ct,2026-05-09,7.0,7.0,-0.4166666666666667,0,2026-05-16
ct,2026-05-16,5.0,5.0,-0.2857142857142857,0,2026-05-23
ct,2026-05-23,4.0,4.0,-0.2,0,2026-05-30
ct,2026-05-30,3.0,3.0,-0.25,0,2026-06-06
ct,2026-06-06,4.0,4.0,0.3333333333333333,0,2026-06-13
ct,2026-06-13,6.0,6.0,0.5,0,2026-06-20
ct,2026-06-20,6.0,6.0,0.0,0,2026-06-27
ct,2026-06-27,6.0,6.0,0.0,0,2026-07-04
dc,2023-06-17,14.0,14.0,-0.0666666666666666,0,2023-06-24
dc,2023-06-24,16.0,16.0,0.1428571428571428,0,2023-07-01
dc,2023-08-05,39.0,39.0,0.5,0,2023-08-12
dc,2023-08-12,34.0,34.0,-0.1282051282051282,0,2023-08-19
dc,2023-08-19,36.0,36.0,0.0588235294117647,0,2023-08-26
dc,2023-08-26,73.0,73.0,1.0277777777777777,1,2023-09-02
dc,2023-10-07,48.0,48.0,0.0212765957446808,0,2023-10-14
dc,2023-10-14,53.0,53.0,0.1041666666666666,1,2023-10-21
dc,2023-10-28,37.0,37.0,-0.2291666666666666,0,2023-11-04
dc,2023-11-18,39.0,39.0,0.2580645161290322,0,2023-11-25
dc,2023-11-25,38.0,38.0,-0.0256410256410256,0,2023-12-02
dc,2023-12-02,38.0,38.0,0.0,0,2023-12-09
dc,2023-12-09,45.0,45.0,0.1842105263157894,1,2023-12-16
de,2022-04-16,48.0,48.0,0.3333333333333333,1,2022-04-23
de,2022-04-23,65.0,65.0,0.3541666666666667,1,2022-04-30
de,2022-05-07,125.0,125.0,0.2626262626262626,1,2022-05-14
de,2022-06-18,103.0,103.0,-0.1557377049180328,0,2022-06-25
de,2022-07-09,143.0,143.0,0.4019607843137255,1,2022-07-16
de,2022-07-16,140.0,140.0,-0.0209790209790209,0,2022-07-23
de,2022-07-23,136.0,136.0,-0.0285714285714285,0,2022-07-30
de,2022-11-05,70.0,70.0,-0.1764705882352941,0,2022-11-12
de,2023-02-25,61.0,61.0,-0.351063829787234,0,2023-03-04
de,2023-03-11,89.0,89.0,0.3692307692307692,1,2023-03-18
de,2023-03-18,57.0,57.0,-0.3595505617977528,0,2023-03-25
de,2023-03-25,62.0,62.0,0.087719298245614,0,2023-04-01
de,2023-04-01,63.0,63.0,0.0161290322580645,0,2023-04-08
de,2023-04-15,40.0,40.0,-0.2307692307692307,0,2023-04-22
de,2023-04-22,31.0,31.0,-0.225,0,2023-04-29
de,2023-04-29,20.0,20.0,-0.3548387096774194,0,2023-05-06
de,2023-05-06,14.0,14.0,-0.3,0,2023-05-13
de,2023-05-13,18.0,18.0,0.2857142857142857,0,2023-05-20
de,2023-05-20,19.0,19.0,0.0555555555555555,0,2023-05-27
de,2023-05-27,12.0,12.0,-0.3684210526315789,0,2023-06-03
de,2023-06-03,12.0,12.0,0.0,0,2023-06-10
de,2023-06-10,26.0,26.0,1.1666666666666667,0,2023-06-17
de,2023-06-17,10.0,10.0,-0.6153846153846154,0,2023-06-24
de,2023-06-24,15.0,15.0,0.5,0,2023-07-01
de,2023-07-01,21.0,21.0,0.4,0,2023-07-08
de,2023-07-08,22.0,22.0,0.0476190476190476,0,2023-07-15
de,2023-07-15,16.0,16.0,-0.2727272727272727,0,2023-07-22
de,2024-01-20,62.0,62.0,-0.2151898734177215,0,2024-01-27
de,2024-04-20,25.0,25.0,0.25,0,2024-04-27
de,2024-11-02,20.0,20.0,1.0,0,2024-11-09
de,2024-11-23,26.0,26.0,0.3,0,2024-11-30
de,2025-02-08,42.0,42.0,-0.1923076923076923,0,2025-02-15
de,2025-06-28,2.0,2.0,-0.7777777777777778,0,2025-07-05
de,2025-07-12,7.0,7.0,0.4,0,2025-07-19
de,2025-07-19,8.0,8.0,0.1428571428571428,0,2025-07-26
de,2025-08-23,23.0,23.0,0.0952380952380952,0,2025-08-30
de,2025-09-06,25.0,25.0,0.0416666666666666,0,2025-09-13
de,2025-10-18,12.0,12.0,-0.1428571428571428,0,2025-10-25
de,2025-10-25,19.0,19.0,0.5833333333333334,0,2025-11-01
de,2025-11-01,15.0,15.0,-0.2105263157894736,0,2025-11-08
de,2025-11-08,20.0,20.0,0.3333333333333333,0,2025-11-15
de,2025-11-15,15.0,15.0,-0.25,0,2025-11-22
de,2025-11-22,15.0,15.0,0.0,0,2025-11-29
de,2025-11-29,12.0,12.0,-0.2,0,2025-12-06
de,2025-12-06,18.0,18.0,0.5,0,2025-12-13
de,2025-12-13,28.0,28.0,0.5555555555555556,0,2025-12-20
de,2025-12-20,23.0,23.0,-0.1785714285714285,0,2025-12-27
de,2026-01-24,30.0,30.0,0.4285714285714285,0,2026-01-31
de,2026-03-14,20.0,20.0,0.25,0,2026-03-21
de,2026-03-21,7.0,7.0,-0.65,0,2026-03-28
de,2026-03-28,10.0,10.0,0.4285714285714285,0,2026-04-04
de,2026-04-04,8.0,8.0,-0.2,0,2026-04-11
de,2026-04-18,6.0,6.0,0.2,0,2026-04-25
de,2026-04-25,7.0,7.0,0.1666666666666666,0,2026-05-02
de,2026-05-02,6.0,6.0,-0.1428571428571428,0,2026-05-09
de,2026-05-09,5.0,5.0,-0.1666666666666666,0,2026-05-16
de,2026-05-16,1.0,1.0,-0.8,0,2026-05-23
de,2026-05-30,1.0,1.0,-0.5,0,2026-06-06
de,2026-06-06,1.0,1.0,0.0,0,2026-06-13
de,2026-06-13,0.0,0.0,-1.0,0,2026-06-20
de,2026-06-20,1.0,1.0,,0,2026-06-27
de,2026-06-27,2.0,2.0,1.0,0,2026-07-04
fl,2023-06-24,976.0,976.0,0.1167048054919908,1,2023-07-01
fl,2023-07-22,1514.0,1514.0,0.2399672399672399,1,2023-07-29
fl,2023-08-05,1960.0,1960.0,0.12,1,2023-08-12
fl,2023-10-14,947.0,947.0,-0.3983481575603558,0,2023-10-21
fl,2023-10-21,829.0,829.0,-0.1246040126715945,0,2023-10-28
fl,2023-11-11,752.0,752.0,0.0162162162162162,0,2023-11-18
fl,2024-01-06,2119.0,2119.0,-0.0102755721625408,0,2024-01-13
fl,2024-01-27,2033.0,2033.0,-0.0291308500477554,0,2024-02-03
fl,2024-02-17,1543.0,1543.0,-0.1663965424095083,0,2024-02-24
fl,2024-10-26,131.0,131.0,,0,2024-11-02
fl,2024-11-02,428.0,428.0,2.267175572519084,0,2024-11-09
fl,2024-11-09,359.0,359.0,-0.161214953271028,0,2024-11-16
fl,2024-11-16,299.0,299.0,-0.1671309192200557,0,2024-11-23
fl,2024-11-23,319.0,319.0,0.0668896321070234,0,2024-11-30
fl,2024-12-07,336.0,336.0,0.1125827814569536,0,2024-12-14
fl,2025-03-29,372.0,372.0,-0.088235294117647,0,2025-04-05
fl,2025-04-05,315.0,315.0,-0.1532258064516129,0,2025-04-12
fl,2025-04-26,324.0,324.0,-0.0240963855421686,0,2025-05-03
fl,2025-05-17,338.0,338.0,0.0529595015576324,0,2025-05-24
fl,2025-05-24,384.0,384.0,0.136094674556213,0,2025-05-31
fl,2025-06-21,702.0,702.0,0.1037735849056603,0,2025-06-28
fl,2025-10-25,215.0,215.0,-0.2066420664206642,0,2025-11-01
fl,2025-11-08,203.0,203.0,-0.0514018691588785,0,2025-11-15
fl,2025-11-15,159.0,159.0,-0.2167487684729064,0,2025-11-22
fl,2025-11-22,168.0,168.0,0.0566037735849056,0,2025-11-29
fl,2025-11-29,163.0,163.0,-0.0297619047619047,0,2025-12-06
fl,2025-12-06,150.0,150.0,-0.0797546012269938,0,2025-12-13
fl,2025-12-20,194.0,194.0,-0.058252427184466,0,2025-12-27
fl,2025-12-27,290.0,290.0,0.4948453608247423,0,2026-01-03
fl,2026-01-03,319.0,319.0,0.1,0,2026-01-10
fl,2026-02-07,305.0,305.0,0.1776061776061776,0,2026-02-14
fl,2026-02-21,241.0,241.0,-0.1660899653979238,0,2026-02-28
fl,2026-02-28,272.0,272.0,0.1286307053941908,0,2026-03-07
fl,2026-03-07,229.0,229.0,-0.1580882352941176,0,2026-03-14
fl,2026-03-14,188.0,188.0,-0.1790393013100436,0,2026-03-21
fl,2026-03-21,149.0,149.0,-0.2074468085106383,0,2026-03-28
fl,2026-03-28,140.0,140.0,-0.0604026845637583,0,2026-04-04
fl,2026-04-04,118.0,118.0,-0.1571428571428571,0,2026-04-11
fl,2026-04-11,120.0,120.0,0.0169491525423728,0,2026-04-18
fl,2026-04-18,122.0,122.0,0.0166666666666666,0,2026-04-25
fl,2026-04-25,140.0,140.0,0.1475409836065573,0,2026-05-02
fl,2026-05-02,116.0,116.0,-0.1714285714285714,0,2026-05-09
fl,2026-05-09,106.0,106.0,-0.0862068965517241,0,2026-05-16
ga,2023-01-21,1077.0,1077.0,-0.1032472939217318,0,2023-01-28
ga,2023-02-11,851.0,851.0,-0.08,0,2023-02-18
ga,2023-02-18,735.0,735.0,-0.136310223266745,0,2023-02-25
ga,2023-06-03,249.0,249.0,0.2028985507246377,0,2023-06-10
ga,2023-06-10,208.0,208.0,-0.1646586345381526,0,2023-06-17
ga,2023-06-17,196.0,196.0,-0.0576923076923076,0,2023-06-24
ga,2023-06-24,198.0,198.0,0.010204081632653,0,2023-07-01
ga,2023-10-28,376.0,376.0,0.0026666666666666,0,2023-11-04
ga,2023-12-23,1066.0,1066.0,0.2660332541567696,1,2023-12-30
ga,2024-01-13,1109.0,1109.0,-0.0062724014336917,0,2024-01-20
ga,2024-04-06,243.0,243.0,-0.2211538461538461,0,2024-04-13
ga,2024-04-20,172.0,172.0,-0.1770334928229665,0,2024-04-27
ga,2024-11-09,80.0,80.0,-0.1011235955056179,0,2024-11-16
ga,2024-11-16,76.0,76.0,-0.05,0,2024-11-23
ga,2024-11-23,84.0,84.0,0.1052631578947368,0,2024-11-30
ga,2024-11-30,114.0,114.0,0.3571428571428571,0,2024-12-07
ga,2024-12-07,161.0,161.0,0.4122807017543859,0,2024-12-14
ga,2024-12-14,173.0,173.0,0.0745341614906832,0,2024-12-21
ga,2024-12-21,232.0,232.0,0.3410404624277456,0,2024-12-28
ga,2024-12-28,302.0,302.0,0.3017241379310345,1,2025-01-04
ga,2025-01-04,251.0,251.0,-0.1688741721854304,0,2025-01-11
ga,2025-01-11,257.0,257.0,0.0239043824701195,0,2025-01-18
ga,2025-02-08,266.0,266.0,-0.1474358974358974,0,2025-02-15
ga,2025-02-15,254.0,254.0,-0.0451127819548872,0,2025-02-22
ga,2025-02-22,263.0,263.0,0.0354330708661417,0,2025-03-01
ga,2025-03-08,306.0,306.0,0.0967741935483871,0,2025-03-15
ga,2025-03-15,279.0,279.0,-0.088235294117647,0,2025-03-22
ga,2025-04-19,160.0,160.0,0.0596026490066225,0,2025-04-26
ga,2025-04-26,106.0,106.0,-0.3375,0,2025-05-03
ga,2025-05-10,90.0,90.0,-0.1588785046728972,0,2025-05-17
ga,2025-05-17,82.0,82.0,-0.0888888888888888,0,2025-05-24
ga,2025-05-24,85.0,85.0,0.0365853658536585,0,2025-05-31
ga,2025-06-07,62.0,62.0,-0.1842105263157894,0,2025-06-14
ga,2025-06-21,86.0,86.0,0.036144578313253,0,2025-06-28
ga,2025-06-28,85.0,85.0,-0.0116279069767441,0,2025-07-05
ga,2025-07-05,113.0,113.0,0.3294117647058823,0,2025-07-12
ga,2025-07-12,119.0,119.0,0.0530973451327433,0,2025-07-19
ga,2025-07-19,159.0,159.0,0.3361344537815126,0,2025-07-26
ga,2025-07-26,183.0,183.0,0.1509433962264151,0,2025-08-02
ga,2025-10-04,91.0,91.0,-0.1727272727272727,0,2025-10-11
ga,2025-10-11,59.0,59.0,-0.3516483516483517,0,2025-10-18
ga,2025-10-25,57.0,57.0,-0.0806451612903225,0,2025-11-01
ga,2025-11-01,63.0,63.0,0.1052631578947368,0,2025-11-08
ga,2025-11-08,54.0,54.0,-0.1428571428571428,0,2025-11-15
ga,2025-11-15,53.0,53.0,-0.0185185185185185,0,2025-11-22
ga,2025-11-22,56.0,56.0,0.0566037735849056,0,2025-11-29
ga,2025-11-29,74.0,74.0,0.3214285714285714,0,2025-12-06
ga,2025-12-06,64.0,64.0,-0.1351351351351351,0,2025-12-13
ga,2025-12-13,84.0,84.0,0.3125,0,2025-12-20
ga,2025-12-20,117.0,117.0,0.3928571428571428,0,2025-12-27
ga,2025-12-27,122.0,122.0,0.0427350427350427,0,2026-01-03
ga,2026-01-03,122.0,122.0,0.0,0,2026-01-10
ga,2026-01-17,107.0,107.0,0.1505376344086021,0,2026-01-24
ga,2026-01-24,92.0,92.0,-0.1401869158878504,0,2026-01-31
ga,2026-01-31,89.0,89.0,-0.0326086956521739,0,2026-02-07
ga,2026-02-07,128.0,128.0,0.4382022471910112,0,2026-02-14
ga,2026-02-14,126.0,126.0,-0.015625,0,2026-02-21
ga,2026-02-21,130.0,130.0,0.0317460317460317,0,2026-02-28
ga,2026-02-28,97.0,97.0,-0.2538461538461538,0,2026-03-07
ga,2026-03-07,85.0,85.0,-0.1237113402061855,0,2026-03-14
ga,2026-03-14,91.0,91.0,0.0705882352941176,0,2026-03-21
ga,2026-03-21,55.0,55.0,-0.3956043956043956,0,2026-03-28
ga,2026-04-04,62.0,62.0,0.1481481481481481,0,2026-04-11
ga,2026-04-11,50.0,50.0,-0.1935483870967742,0,2026-04-18
ga,2026-04-18,64.0,64.0,0.28,0,2026-04-25
ga,2026-04-25,41.0,41.0,-0.359375,0,2026-05-02
ga,2026-05-02,30.0,30.0,-0.2682926829268293,0,2026-05-09
ga,2026-05-09,53.0,53.0,0.7666666666666667,0,2026-05-16
ga,2026-05-16,42.0,42.0,-0.2075471698113207,0,2026-05-23
ga,2026-05-23,31.0,31.0,-0.2619047619047619,0,2026-05-30
ga,2026-05-30,37.0,37.0,0.1935483870967742,0,2026-06-06
ga,2026-06-06,22.0,22.0,-0.4054054054054054,0,2026-06-13
ga,2026-06-13,20.0,20.0,-0.0909090909090909,0,2026-06-20
ga,2026-06-20,25.0,25.0,0.25,0,2026-06-27
ga,2026-06-27,24.0,24.0,-0.04,0,2026-07-04
gu,2022-09-10,15.0,15.0,0.0714285714285714,0,2022-09-17
gu,2022-10-01,2.0,2.0,1.0,0,2022-10-08
gu,2022-10-08,5.0,5.0,1.5,1,2022-10-15
gu,2022-10-15,4.0,4.0,-0.2,0,2022-10-22
gu,2022-10-22,5.0,5.0,0.25,1,2022-10-29
gu,2022-10-29,2.0,2.0,-0.6,0,2022-11-05
gu,2022-11-05,1.0,1.0,-0.5,0,2022-11-12
gu,2022-11-12,6.0,6.0,5.0,1,2022-11-19
gu,2022-11-19,11.0,11.0,0.8333333333333334,1,2022-11-26
gu,2023-01-07,15.0,15.0,0.0,0,2023-01-14
gu,2023-02-25,2.0,2.0,0.0,0,2023-03-04
gu,2023-03-04,0.0,0.0,-1.0,0,2023-03-11
gu,2023-03-11,1.0,1.0,,0,2023-03-18
gu,2023-04-01,4.0,4.0,0.3333333333333333,1,2023-04-08
gu,2023-04-08,4.0,4.0,0.0,0,2023-04-15
gu,2023-04-22,8.0,8.0,1.0,1,2023-04-29
gu,2023-04-29,10.0,10.0,0.25,1,2023-05-06
gu,2023-05-06,9.0,9.0,-0.1,0,2023-05-13
gu,2023-07-01,8.0,8.0,0.6,1,2023-07-08
gu,2023-07-08,7.0,7.0,-0.125,0,2023-07-15
gu,2023-07-15,6.0,6.0,-0.1428571428571428,0,2023-07-22
gu,2023-07-22,4.0,4.0,-0.3333333333333333,0,2023-07-29
gu,2023-07-29,4.0,4.0,0.0,0,2023-08-05
gu,2023-08-12,5.0,5.0,1.5,1,2023-08-19
gu,2023-08-19,8.0,8.0,0.6,1,2023-08-26
gu,2023-08-26,7.0,7.0,-0.125,0,2023-09-02
gu,2023-09-02,3.0,3.0,-0.5714285714285714,0,2023-09-09
gu,2023-09-09,2.0,2.0,-0.3333333333333333,0,2023-09-16
gu,2025-01-25,1.0,1.0,0.0,0,2025-02-01
gu,2025-02-01,0.0,0.0,-1.0,0,2025-02-08
gu,2025-03-29,1.0,1.0,,0,2025-04-05
gu,2025-04-05,0.0,0.0,-1.0,0,2025-04-12
gu,2025-04-12,1.0,1.0,,0,2025-04-19
gu,2025-04-26,0.0,0.0,-1.0,0,2025-05-03
gu,2025-05-03,1.0,1.0,,0,2025-05-10
gu,2025-05-10,2.0,2.0,1.0,0,2025-05-17
gu,2025-07-12,4.0,4.0,0.0,0,2025-07-19
gu,2025-07-19,4.0,4.0,0.0,0,2025-07-26
gu,2025-08-09,1.0,1.0,-0.8333333333333334,0,2025-08-16
gu,2025-08-16,3.0,3.0,2.0,1,2025-08-23
gu,2025-08-30,4.0,4.0,0.0,0,2025-09-06
gu,2025-09-06,1.0,1.0,-0.75,0,2025-09-13
gu,2025-09-13,0.0,0.0,-1.0,0,2025-09-20
gu,2025-09-20,0.0,0.0,,0,2025-09-27
gu,2025-09-27,3.0,3.0,,0,2025-10-04
gu,2025-10-04,1.0,1.0,-0.6666666666666666,0,2025-10-11
gu,2025-10-11,0.0,0.0,-1.0,0,2025-10-18
gu,2025-10-18,0.0,0.0,,0,2025-10-25
gu,2025-10-25,0.0,0.0,,0,2025-11-01
gu,2025-11-01,1.0,1.0,,0,2025-11-08
gu,2025-11-08,0.0,0.0,-1.0,0,2025-11-15
gu,2025-11-15,0.0,0.0,,0,2025-11-22
gu,2025-11-22,0.0,0.0,,0,2025-11-29
gu,2025-11-29,0.0,0.0,,0,2025-12-06
gu,2025-12-06,0.0,0.0,,0,2025-12-13
gu,2025-12-13,0.0,0.0,,0,2025-12-20
gu,2025-12-20,0.0,0.0,,0,2025-12-27
gu,2025-12-27,0.0,0.0,,0,2026-01-03
gu,2026-01-03,0.0,0.0,,0,2026-01-10
gu,2026-01-10,0.0,0.0,,0,2026-01-17
gu,2026-01-17,0.0,0.0,,0,2026-01-24
gu,2026-01-24,0.0,0.0,,0,2026-01-31
gu,2026-01-31,0.0,0.0,,0,2026-02-07
gu,2026-02-07,0.0,0.0,,0,2026-02-14
gu,2026-02-14,0.0,0.0,,0,2026-02-21
gu,2026-02-21,0.0,0.0,,0,2026-02-28
gu,2026-02-28,1.0,1.0,,0,2026-03-07
gu,2026-03-07,0.0,0.0,-1.0,0,2026-03-14
gu,2026-03-14,0.0,0.0,,0,2026-03-21
gu,2026-03-21,1.0,1.0,,0,2026-03-28
gu,2026-04-04,2.0,2.0,-0.3333333333333333,0,2026-04-11
gu,2026-05-09,3.0,3.0,,0,2026-05-16
gu,2026-05-30,4.0,4.0,3.0,1,2026-06-06
gu,2026-06-27,1.0,1.0,0.0,0,2026-07-04
hi,2023-02-25,69.0,69.0,-0.3551401869158878,0,2023-03-04
hi,2023-03-04,123.0,123.0,0.782608695652174,1,2023-03-11
hi,2023-03-11,109.0,109.0,-0.1138211382113821,0,2023-03-18
hi,2023-03-18,107.0,107.0,-0.018348623853211,0,2023-03-25
hi,2023-03-25,136.0,136.0,0.2710280373831775,1,2023-04-01
hi,2023-04-08,115.0,115.0,0.1616161616161616,1,2023-04-15
hi,2023-04-15,109.0,109.0,-0.0521739130434782,0,2023-04-22
hi,2023-04-29,106.0,106.0,-0.0535714285714285,0,2023-05-06
hi,2023-05-06,98.0,98.0,-0.0754716981132075,0,2023-05-13
hi,2023-05-13,89.0,89.0,-0.0918367346938775,0,2023-05-20
hi,2023-05-20,96.0,96.0,0.0786516853932584,0,2023-05-27
hi,2023-05-27,91.0,91.0,-0.0520833333333333,0,2023-06-03
hi,2023-06-03,88.0,88.0,-0.0329670329670329,0,2023-06-10
hi,2023-06-10,91.0,91.0,0.034090909090909,0,2023-06-17
hi,2023-06-17,87.0,87.0,-0.0439560439560439,0,2023-06-24
hi,2023-06-24,109.0,109.0,0.2528735632183908,1,2023-07-01
hi,2023-07-01,86.0,86.0,-0.2110091743119266,0,2023-07-08
hi,2023-07-08,114.0,114.0,0.3255813953488372,1,2023-07-15
hi,2023-07-15,131.0,131.0,0.1491228070175438,1,2023-07-22
hi,2023-07-22,138.0,138.0,0.0534351145038167,0,2023-07-29
hi,2023-07-29,134.0,134.0,-0.0289855072463768,0,2023-08-05
hi,2023-08-05,130.0,130.0,-0.0298507462686567,0,2023-08-12
hi,2023-08-12,142.0,142.0,0.0923076923076923,0,2023-08-19
hi,2023-08-19,146.0,146.0,0.028169014084507,0,2023-08-26
hi,2023-10-28,118.0,118.0,0.102803738317757,1,2023-11-04
hi,2023-11-04,111.0,111.0,-0.059322033898305,0,2023-11-11
hi,2023-11-11,80.0,80.0,-0.2792792792792792,0,2023-11-18
hi,2023-11-18,66.0,66.0,-0.175,0,2023-11-25
hi,2023-11-25,77.0,77.0,0.1666666666666666,1,2023-12-02
hi,2023-12-02,88.0,88.0,0.1428571428571428,1,2023-12-09
hi,2024-01-06,108.0,108.0,0.0,0,2024-01-13
hi,2024-02-03,101.0,101.0,0.0520833333333333,0,2024-02-10
hi,2024-03-09,66.0,66.0,-0.1428571428571428,0,2024-03-16
hi,2024-03-23,60.0,60.0,-0.1304347826086956,0,2024-03-30
hi,2024-04-06,57.0,57.0,0.0961538461538461,0,2024-04-13
hi,2024-04-13,57.0,57.0,0.0,0,2024-04-20
hi,2024-04-20,41.0,41.0,-0.2807017543859649,0,2024-04-27
hi,2024-10-26,5.0,5.0,,0,2024-11-02
hi,2024-11-30,15.0,15.0,0.5,0,2024-12-07
hi,2024-12-07,13.0,13.0,-0.1333333333333333,0,2024-12-14
hi,2024-12-14,13.0,13.0,0.0,0,2024-12-21
hi,2025-01-04,27.0,27.0,0.1739130434782608,0,2025-01-11
hi,2025-01-25,10.0,10.0,-0.1666666666666666,0,2025-02-01
hi,2025-02-08,10.0,10.0,-0.2307692307692307,0,2025-02-15
hi,2025-02-15,16.0,16.0,0.6,0,2025-02-22
hi,2025-02-22,18.0,18.0,0.125,0,2025-03-01
hi,2025-03-08,8.0,8.0,-0.4666666666666667,0,2025-03-15
hi,2025-03-15,17.0,17.0,1.125,0,2025-03-22
hi,2025-04-05,12.0,12.0,-0.1428571428571428,0,2025-04-12
hi,2025-04-12,18.0,18.0,0.5,0,2025-04-19
hi,2025-05-10,32.0,32.0,0.1851851851851851,0,2025-05-17
hi,2025-05-31,21.0,21.0,-0.125,0,2025-06-07
hi,2025-06-07,21.0,21.0,0.0,0,2025-06-14
hi,2025-06-14,36.0,36.0,0.7142857142857143,0,2025-06-21
hi,2025-06-21,23.0,23.0,-0.3611111111111111,0,2025-06-28
hi,2025-06-28,36.0,36.0,0.5652173913043478,0,2025-07-05
hi,2025-08-30,63.0,63.0,-0.2674418604651162,0,2025-09-06
hi,2025-10-04,19.0,19.0,-0.2692307692307692,0,2025-10-11
hi,2025-10-18,12.0,12.0,-0.3333333333333333,0,2025-10-25
hi,2025-10-25,9.0,9.0,-0.25,0,2025-11-01
hi,2025-11-01,10.0,10.0,0.1111111111111111,0,2025-11-08
hi,2025-11-08,7.0,7.0,-0.3,0,2025-11-15
hi,2025-11-15,2.0,2.0,-0.7142857142857143,0,2025-11-22
hi,2025-11-22,3.0,3.0,0.5,0,2025-11-29
hi,2025-11-29,6.0,6.0,1.0,0,2025-12-06
hi,2025-12-06,7.0,7.0,0.1666666666666666,0,2025-12-13
hi,2025-12-13,4.0,4.0,-0.4285714285714285,0,2025-12-20
hi,2025-12-20,2.0,2.0,-0.5,0,2025-12-27
hi,2025-12-27,3.0,3.0,0.5,0,2026-01-03
hi,2026-01-03,7.0,7.0,1.3333333333333333,0,2026-01-10
hi,2026-01-10,6.0,6.0,-0.1428571428571428,0,2026-01-17
hi,2026-01-17,3.0,3.0,-0.5,0,2026-01-24
hi,2026-01-24,5.0,5.0,0.6666666666666666,0,2026-01-31
hi,2026-01-31,5.0,5.0,0.0,0,2026-02-07
hi,2026-02-07,5.0,5.0,0.0,0,2026-02-14
hi,2026-02-14,4.0,4.0,-0.2,0,2026-02-21
hi,2026-02-21,4.0,4.0,0.0,0,2026-02-28
hi,2026-02-28,4.0,4.0,0.0,0,2026-03-07
hi,2026-03-07,1.0,1.0,-0.75,0,2026-03-14
hi,2026-03-14,1.0,1.0,0.0,0,2026-03-21
hi,2026-03-21,0.0,0.0,-1.0,0,2026-03-28
hi,2026-03-28,1.0,1.0,,0,2026-04-04
hi,2026-04-04,0.0,0.0,-1.0,0,2026-04-11
hi,2026-04-11,1.0,1.0,,0,2026-04-18
hi,2026-04-18,3.0,3.0,2.0,0,2026-04-25
hi,2026-04-25,2.0,2.0,-0.3333333333333333,0,2026-05-02
hi,2026-05-02,4.0,4.0,1.0,0,2026-05-09
hi,2026-05-09,1.0,1.0,-0.75,0,2026-05-16
hi,2026-05-16,2.0,2.0,1.0,0,2026-05-23
hi,2026-05-23,2.0,2.0,0.0,0,2026-05-30
hi,2026-05-30,2.0,2.0,0.0,0,2026-06-06
hi,2026-06-06,6.0,6.0,2.0,0,2026-06-13
hi,2026-06-13,3.0,3.0,-0.5,0,2026-06-20
hi,2026-06-20,5.0,5.0,0.6666666666666666,0,2026-06-27
hi,2026-06-27,7.0,7.0,0.4,0,2026-07-04
ia,2023-07-08,48.0,48.0,3.0,0,2023-07-15
ia,2024-11-02,50.0,50.0,0.1363636363636363,0,2024-11-09
ia,2024-11-09,43.0,43.0,-0.14,0,2024-11-16
ia,2024-11-16,58.0,58.0,0.3488372093023256,0,2024-11-23
ia,2024-11-23,54.0,54.0,-0.0689655172413793,0,2024-11-30
ia,2024-11-30,89.0,89.0,0.6481481481481481,1,2024-12-07
ia,2024-12-07,84.0,84.0,-0.0561797752808988,0,2024-12-14
ia,2025-03-22,55.0,55.0,0.1702127659574468,0,2025-03-29
ia,2025-05-31,14.0,14.0,0.0769230769230769,0,2025-06-07
ia,2025-06-14,19.0,19.0,0.7272727272727273,0,2025-06-21
ia,2025-06-21,9.0,9.0,-0.5263157894736842,0,2025-06-28
ia,2025-06-28,6.0,6.0,-0.3333333333333333,0,2025-07-05
ia,2025-07-05,10.0,10.0,0.6666666666666666,0,2025-07-12
ia,2025-07-12,16.0,16.0,0.6,0,2025-07-19
ia,2025-07-19,8.0,8.0,-0.5,0,2025-07-26
ia,2025-08-16,55.0,55.0,0.71875,0,2025-08-23
ia,2025-08-23,54.0,54.0,-0.0181818181818181,0,2025-08-30
ia,2025-10-11,39.0,39.0,-0.048780487804878,0,2025-10-18
ia,2025-10-18,35.0,35.0,-0.1025641025641025,0,2025-10-25
ia,2025-10-25,27.0,27.0,-0.2285714285714285,0,2025-11-01
ia,2025-11-01,22.0,22.0,-0.1851851851851851,0,2025-11-08
ia,2025-11-15,18.0,18.0,-0.28,0,2025-11-22
ia,2025-11-22,23.0,23.0,0.2777777777777778,0,2025-11-29
ia,2026-02-28,66.0,66.0,0.0,0,2026-03-07
ia,2026-04-04,6.0,6.0,-0.7272727272727273,0,2026-04-11
ia,2026-04-11,16.0,16.0,1.6666666666666667,0,2026-04-18
ia,2026-04-25,8.0,8.0,-0.4666666666666667,0,2026-05-02
ia,2026-05-02,9.0,9.0,0.125,0,2026-05-09
ia,2026-05-09,7.0,7.0,-0.2222222222222222,0,2026-05-16
ia,2026-05-16,6.0,6.0,-0.1428571428571428,0,2026-05-23
ia,2026-05-23,2.0,2.0,-0.6666666666666666,0,2026-05-30
ia,2026-05-30,3.0,3.0,0.5,0,2026-06-06
ia,2026-06-06,4.0,4.0,0.3333333333333333,0,2026-06-13
ia,2026-06-13,3.0,3.0,-0.25,0,2026-06-20
ia,2026-06-20,5.0,5.0,0.6666666666666666,0,2026-06-27
ia,2026-06-27,4.0,4.0,-0.2,0,2026-07-04
id,2022-01-08,365.0,365.0,0.2629757785467128,1,2022-01-15
id,2022-03-19,36.0,36.0,-0.25,0,2022-03-26
id,2022-03-26,18.0,18.0,-0.5,0,2022-04-02
id,2022-04-09,29.0,29.0,0.2083333333333333,0,2022-04-16
id,2022-04-16,37.0,37.0,0.2758620689655172,0,2022-04-23
id,2022-04-23,53.0,53.0,0.4324324324324324,0,2022-04-30
id,2022-05-07,49.0,49.0,-0.109090909090909,0,2022-05-14
id,2022-05-14,66.0,66.0,0.3469387755102041,1,2022-05-21
id,2022-05-21,85.0,85.0,0.2878787878787879,1,2022-05-28
id,2022-07-02,221.0,221.0,0.0137614678899082,0,2022-07-09
id,2022-08-13,163.0,163.0,0.1319444444444444,1,2022-08-20
id,2022-08-27,140.0,140.0,-0.1616766467065868,0,2022-09-03
id,2022-09-10,125.0,125.0,-0.1258741258741259,0,2022-09-17
id,2022-10-01,106.0,106.0,-0.171875,0,2022-10-08
id,2022-10-08,135.0,135.0,0.2735849056603773,1,2022-10-15
id,2022-10-15,139.0,139.0,0.0296296296296296,0,2022-10-22
id,2022-10-29,88.0,88.0,-0.1775700934579439,0,2022-11-05
id,2022-11-12,123.0,123.0,0.268041237113402,1,2022-11-19
id,2022-11-19,149.0,149.0,0.2113821138211382,1,2022-11-26
id,2022-12-17,136.0,136.0,-0.1707317073170731,0,2022-12-24
id,2023-01-21,92.0,92.0,-0.010752688172043,0,2023-01-28
id,2023-01-28,86.0,86.0,-0.0652173913043478,0,2023-02-04
id,2023-02-04,100.0,100.0,0.1627906976744186,1,2023-02-11
id,2023-02-11,117.0,117.0,0.17,1,2023-02-18
id,2023-02-18,110.0,110.0,-0.0598290598290598,0,2023-02-25
id,2023-03-11,104.0,104.0,-0.140495867768595,0,2023-03-18
id,2023-03-18,86.0,86.0,-0.173076923076923,0,2023-03-25
id,2023-03-25,110.0,110.0,0.2790697674418604,1,2023-04-01
id,2023-04-01,95.0,95.0,-0.1363636363636363,0,2023-04-08
id,2023-04-15,62.0,62.0,-0.1621621621621621,0,2023-04-22
id,2023-04-22,57.0,57.0,-0.0806451612903225,0,2023-04-29
id,2023-04-29,55.0,55.0,-0.0350877192982456,0,2023-05-06
id,2023-05-13,31.0,31.0,-0.225,0,2023-05-20
id,2023-05-20,35.0,35.0,0.1290322580645161,0,2023-05-27
id,2023-05-27,27.0,27.0,-0.2285714285714285,0,2023-06-03
id,2023-06-03,32.0,32.0,0.1851851851851851,0,2023-06-10
id,2023-06-10,28.0,28.0,-0.125,0,2023-06-17
id,2023-06-17,22.0,22.0,-0.2142857142857142,0,2023-06-24
id,2023-06-24,30.0,30.0,0.3636363636363636,0,2023-07-01
id,2023-07-01,27.0,27.0,-0.1,0,2023-07-08
id,2023-07-08,22.0,22.0,-0.1851851851851851,0,2023-07-15
id,2023-07-15,27.0,27.0,0.2272727272727272,0,2023-07-22
id,2023-07-22,25.0,25.0,-0.074074074074074,0,2023-07-29
id,2023-09-02,82.0,82.0,0.0,0,2023-09-09
id,2023-09-09,84.0,84.0,0.024390243902439,0,2023-09-16
id,2023-09-16,100.0,100.0,0.1904761904761904,1,2023-09-23
id,2023-09-23,124.0,124.0,0.24,1,2023-09-30
id,2023-09-30,134.0,134.0,0.0806451612903225,0,2023-10-07
id,2023-10-07,112.0,112.0,-0.1641791044776119,0,2023-10-14
id,2023-10-21,88.0,88.0,-0.2072072072072072,0,2023-10-28
id,2023-10-28,94.0,94.0,0.0681818181818181,0,2023-11-04
id,2023-11-04,107.0,107.0,0.1382978723404255,1,2023-11-11
id,2023-11-18,116.0,116.0,0.2747252747252747,1,2023-11-25
id,2023-11-25,165.0,165.0,0.4224137931034483,1,2023-12-02
id,2023-12-02,169.0,169.0,0.0242424242424242,0,2023-12-09
id,2026-03-14,15.0,15.0,-0.2857142857142857,0,2026-03-21
id,2026-03-28,5.0,5.0,-0.375,0,2026-04-04
id,2026-04-11,8.0,8.0,1.0,0,2026-04-18
id,2026-04-18,3.0,3.0,-0.625,0,2026-04-25
id,2026-05-02,6.0,6.0,-0.6470588235294118,0,2026-05-09
id,2026-05-09,8.0,8.0,0.3333333333333333,0,2026-05-16
id,2026-05-16,8.0,8.0,0.0,0,2026-05-23
id,2026-06-06,0.0,0.0,-1.0,0,2026-06-13
id,2026-06-13,0.0,0.0,,0,2026-06-20
id,2026-06-20,3.0,3.0,,0,2026-06-27
id,2026-06-27,3.0,3.0,0.0,0,2026-07-04
il,2022-01-01,6028.0,6028.0,0.1976952116034174,1,2022-01-08
il,2022-01-08,5883.0,5883.0,-0.0240544127405441,0,2022-01-15
il,2022-01-15,4562.0,4562.0,-0.2245453000169981,0,2022-01-22
il,2022-01-22,3487.0,3487.0,-0.2356422621657168,0,2022-01-29
il,2022-02-05,1945.0,1945.0,-0.2363564978405967,0,2022-02-12
il,2022-02-12,1239.0,1239.0,-0.3629820051413882,0,2022-02-19
il,2022-02-19,974.0,974.0,-0.2138821630347054,0,2022-02-26
il,2022-02-26,719.0,719.0,-0.2618069815195072,0,2022-03-05
il,2022-03-05,551.0,551.0,-0.2336578581363004,0,2022-03-12
il,2022-03-12,471.0,471.0,-0.1451905626134301,0,2022-03-19
il,2022-03-19,433.0,433.0,-0.0806794055201698,0,2022-03-26
il,2022-03-26,415.0,415.0,-0.0415704387990762,0,2022-04-02
il,2022-04-02,452.0,452.0,0.0891566265060241,0,2022-04-09
il,2022-04-09,508.0,508.0,0.1238938053097345,0,2022-04-16
il,2022-04-16,524.0,524.0,0.0314960629921259,0,2022-04-23
il,2022-04-23,703.0,703.0,0.3416030534351145,1,2022-04-30
il,2022-04-30,807.0,807.0,0.1479374110953058,1,2022-05-07
il,2022-05-07,984.0,984.0,0.2193308550185873,1,2022-05-14
il,2022-05-14,1180.0,1180.0,0.1991869918699187,1,2022-05-21
il,2022-05-21,1255.0,1255.0,0.0635593220338983,0,2022-05-28
il,2022-05-28,1275.0,1275.0,0.0159362549800796,0,2022-06-04
il,2022-06-11,1173.0,1173.0,-0.0440097799511002,0,2022-06-18
il,2022-06-18,1261.0,1261.0,0.0750213128729752,0,2022-06-25
il,2022-06-25,1405.0,1405.0,0.1141950832672482,1,2022-07-02
il,2022-07-02,1473.0,1473.0,0.0483985765124555,0,2022-07-09
il,2022-07-16,1639.0,1639.0,0.0262993112085159,0,2022-07-23
il,2022-07-30,1622.0,1622.0,0.037747920665387,0,2022-08-06
il,2022-08-06,1591.0,1591.0,-0.0191122071516646,0,2022-08-13
il,2022-08-13,1510.0,1510.0,-0.0509113764927718,0,2022-08-20
il,2022-08-20,1417.0,1417.0,-0.0615894039735099,0,2022-08-27
il,2022-09-10,1234.0,1234.0,-0.1096681096681096,0,2022-09-17
il,2022-09-17,1152.0,1152.0,-0.06645056726094,0,2022-09-24
il,2022-10-08,1027.0,1027.0,-0.0143953934740882,0,2022-10-15
il,2022-10-22,1183.0,1183.0,0.0715579710144927,0,2022-10-29
il,2022-10-29,1240.0,1240.0,0.0481825866441251,0,2022-11-05
il,2022-11-05,1182.0,1182.0,-0.0467741935483871,0,2022-11-12
il,2022-11-12,1213.0,1213.0,0.0262267343485617,0,2022-11-19
il,2022-11-19,1315.0,1315.0,0.0840890354492992,0,2022-11-26
il,2022-11-26,1634.0,1634.0,0.2425855513307984,1,2022-12-03
il,2023-01-14,1297.0,1297.0,-0.1283602150537634,0,2023-01-21
il,2023-01-21,1151.0,1151.0,-0.1125674633770239,0,2023-01-28
il,2023-02-04,1014.0,1014.0,-0.0145772594752186,0,2023-02-11
il,2023-02-11,1114.0,1114.0,0.0986193293885601,0,2023-02-18
il,2023-02-18,1092.0,1092.0,-0.0197486535008976,0,2023-02-25
il,2023-02-25,1081.0,1081.0,-0.01007326007326,0,2023-03-04
il,2023-03-11,997.0,997.0,-0.0049900199600798,0,2023-03-18
il,2023-03-18,964.0,964.0,-0.033099297893681,0,2023-03-25
il,2023-03-25,964.0,964.0,0.0,0,2023-04-01
il,2023-04-01,792.0,792.0,-0.1784232365145228,0,2023-04-08
il,2023-04-08,713.0,713.0,-0.0997474747474747,0,2023-04-15
il,2023-04-15,613.0,613.0,-0.1402524544179523,0,2023-04-22
il,2023-04-22,484.0,484.0,-0.2104404567699836,0,2023-04-29
il,2023-04-29,482.0,482.0,-0.0041322314049586,0,2023-05-06
il,2023-05-06,476.0,476.0,-0.0124481327800829,0,2023-05-13
il,2023-05-13,384.0,384.0,-0.1932773109243697,0,2023-05-20
il,2023-05-20,329.0,329.0,-0.1432291666666666,0,2023-05-27
il,2023-05-27,304.0,304.0,-0.0759878419452887,0,2023-06-03
il,2023-06-03,200.0,200.0,-0.3421052631578947,0,2023-06-10
il,2023-06-10,239.0,239.0,0.195,0,2023-06-17
il,2023-06-17,233.0,233.0,-0.0251046025104602,0,2023-06-24
il,2023-06-24,196.0,196.0,-0.1587982832618025,0,2023-07-01
il,2023-07-01,246.0,246.0,0.2551020408163265,0,2023-07-08
il,2023-07-08,181.0,181.0,-0.2642276422764227,0,2023-07-15
il,2023-07-15,194.0,194.0,0.0718232044198895,0,2023-07-22
il,2023-07-22,265.0,265.0,0.3659793814432989,0,2023-07-29
il,2023-07-29,313.0,313.0,0.1811320754716981,0,2023-08-05
il,2023-08-05,369.0,369.0,0.1789137380191693,0,2023-08-12
il,2023-08-12,459.0,459.0,0.2439024390243902,0,2023-08-19
il,2023-08-19,582.0,582.0,0.2679738562091503,1,2023-08-26
il,2023-08-26,653.0,653.0,0.1219931271477663,1,2023-09-02
il,2023-09-02,717.0,717.0,0.0980091883614088,0,2023-09-09
il,2023-09-16,736.0,736.0,-0.0264550264550264,0,2023-09-23
il,2023-09-23,604.0,604.0,-0.1793478260869565,0,2023-09-30
il,2023-09-30,604.0,604.0,0.0,0,2023-10-07
il,2023-10-14,608.0,608.0,0.1450094161958568,1,2023-10-21
il,2023-10-21,686.0,686.0,0.1282894736842105,1,2023-10-28
il,2023-10-28,661.0,661.0,-0.0364431486880466,0,2023-11-04
il,2023-11-04,859.0,859.0,0.2995461422087745,1,2023-11-11
il,2023-11-11,974.0,974.0,0.1338766006984866,1,2023-11-18
il,2023-11-18,1113.0,1113.0,0.1427104722792607,1,2023-11-25
il,2023-11-25,1410.0,1410.0,0.2668463611859838,1,2023-12-02
il,2023-12-23,1795.0,1795.0,0.1462324393358876,1,2023-12-30
il,2024-01-06,1424.0,1424.0,-0.1111111111111111,0,2024-01-13
il,2024-01-13,1161.0,1161.0,-0.184691011235955,0,2024-01-20
il,2024-01-20,895.0,895.0,-0.2291128337639965,0,2024-01-27
il,2024-01-27,777.0,777.0,-0.1318435754189944,0,2024-02-03
il,2024-02-03,745.0,745.0,-0.0411840411840411,0,2024-02-10
il,2024-02-10,821.0,821.0,0.1020134228187919,1,2024-02-17
il,2024-02-17,763.0,763.0,-0.0706455542021924,0,2024-02-24
il,2024-02-24,657.0,657.0,-0.1389252948885976,0,2024-03-02
il,2024-03-02,550.0,550.0,-0.1628614916286149,0,2024-03-09
il,2024-03-09,466.0,466.0,-0.1527272727272727,0,2024-03-16
il,2024-03-16,386.0,386.0,-0.1716738197424892,0,2024-03-23
il,2024-03-23,378.0,378.0,-0.0207253886010362,0,2024-03-30
il,2024-03-30,322.0,322.0,-0.1481481481481481,0,2024-04-06
il,2024-04-06,301.0,301.0,-0.0652173913043478,0,2024-04-13
il,2024-04-13,229.0,229.0,-0.2392026578073089,0,2024-04-20
il,2024-04-20,236.0,236.0,0.0305676855895196,0,2024-04-27
il,2024-10-26,120.0,120.0,,0,2024-11-02
il,2024-11-02,237.0,237.0,0.975,0,2024-11-09
il,2024-11-09,228.0,228.0,-0.0379746835443038,0,2024-11-16
il,2024-11-16,261.0,261.0,0.1447368421052631,0,2024-11-23
il,2024-11-23,274.0,274.0,0.0498084291187739,0,2024-11-30
il,2024-11-30,338.0,338.0,0.2335766423357664,0,2024-12-07
il,2024-12-07,449.0,449.0,0.3284023668639053,0,2024-12-14
il,2024-12-14,562.0,562.0,0.2516703786191537,1,2024-12-21
il,2024-12-21,817.0,817.0,0.4537366548042704,1,2024-12-28
il,2024-12-28,1136.0,1136.0,0.390452876376989,1,2025-01-04
il,2025-01-04,820.0,820.0,-0.278169014084507,0,2025-01-11
il,2025-01-11,730.0,730.0,-0.1097560975609756,0,2025-01-18
il,2025-01-18,631.0,631.0,-0.1356164383561643,0,2025-01-25
il,2025-01-25,610.0,610.0,-0.0332805071315372,0,2025-02-01
il,2025-02-01,646.0,646.0,0.0590163934426229,0,2025-02-08
il,2025-02-08,554.0,554.0,-0.1424148606811145,0,2025-02-15
il,2025-02-15,546.0,546.0,-0.0144404332129963,0,2025-02-22
il,2025-02-22,499.0,499.0,-0.086080586080586,0,2025-03-01
il,2025-03-01,468.0,468.0,-0.0621242484969939,0,2025-03-08
il,2025-03-08,482.0,482.0,0.0299145299145299,0,2025-03-15
il,2025-03-15,365.0,365.0,-0.2427385892116182,0,2025-03-22
il,2025-03-22,327.0,327.0,-0.1041095890410958,0,2025-03-29
il,2025-03-29,345.0,345.0,0.055045871559633,0,2025-04-05
il,2025-04-05,249.0,249.0,-0.2782608695652174,0,2025-04-12
il,2025-04-12,210.0,210.0,-0.1566265060240964,0,2025-04-19
il,2025-04-19,208.0,208.0,-0.0095238095238095,0,2025-04-26
il,2025-04-26,151.0,151.0,-0.2740384615384615,0,2025-05-03
il,2025-05-03,119.0,119.0,-0.2119205298013245,0,2025-05-10
il,2025-05-10,135.0,135.0,0.134453781512605,0,2025-05-17
il,2025-05-17,109.0,109.0,-0.1925925925925926,0,2025-05-24
il,2025-05-24,94.0,94.0,-0.1376146788990825,0,2025-05-31
il,2025-05-31,95.0,95.0,0.0106382978723404,0,2025-06-07
il,2025-06-07,96.0,96.0,0.0105263157894736,0,2025-06-14
il,2025-06-14,75.0,75.0,-0.21875,0,2025-06-21
il,2025-06-21,64.0,64.0,-0.1466666666666666,0,2025-06-28
il,2025-06-28,63.0,63.0,-0.015625,0,2025-07-05
il,2025-07-05,89.0,89.0,0.4126984126984127,0,2025-07-12
il,2025-07-12,82.0,82.0,-0.0786516853932584,0,2025-07-19
il,2025-07-19,109.0,109.0,0.3292682926829268,0,2025-07-26
il,2025-07-26,111.0,111.0,0.018348623853211,0,2025-08-02
il,2025-08-02,142.0,142.0,0.2792792792792792,0,2025-08-09
il,2025-08-09,200.0,200.0,0.4084507042253521,0,2025-08-16
il,2025-08-16,200.0,200.0,0.0,0,2025-08-23
il,2025-08-23,274.0,274.0,0.37,0,2025-08-30
il,2025-08-30,286.0,286.0,0.0437956204379562,0,2025-09-06
il,2025-09-06,308.0,308.0,0.0769230769230769,0,2025-09-13
il,2025-09-13,293.0,293.0,-0.0487012987012987,0,2025-09-20
il,2025-09-20,219.0,219.0,-0.2525597269624573,0,2025-09-27
il,2025-09-27,179.0,179.0,-0.182648401826484,0,2025-10-04
il,2025-10-04,135.0,135.0,-0.2458100558659217,0,2025-10-11
il,2025-10-11,122.0,122.0,-0.0962962962962963,0,2025-10-18
il,2025-10-18,93.0,93.0,-0.2377049180327868,0,2025-10-25
il,2025-10-25,99.0,99.0,0.064516129032258,0,2025-11-01
il,2025-11-01,123.0,123.0,0.2424242424242424,0,2025-11-08
il,2025-11-08,114.0,114.0,-0.073170731707317,0,2025-11-15
il,2025-11-15,151.0,151.0,0.3245614035087719,0,2025-11-22
il,2025-11-22,171.0,171.0,0.1324503311258278,0,2025-11-29
il,2025-11-29,247.0,247.0,0.4444444444444444,0,2025-12-06
il,2025-12-06,291.0,291.0,0.1781376518218623,0,2025-12-13
il,2025-12-13,369.0,369.0,0.268041237113402,0,2025-12-20
il,2025-12-20,577.0,577.0,0.5636856368563685,1,2025-12-27
il,2026-01-24,507.0,507.0,-0.0748175182481751,0,2026-01-31
il,2026-02-07,473.0,473.0,0.0605381165919282,0,2026-02-14
il,2026-02-21,345.0,345.0,-0.1221374045801526,0,2026-02-28
il,2026-02-28,284.0,284.0,-0.1768115942028985,0,2026-03-07
il,2026-03-07,224.0,224.0,-0.2112676056338028,0,2026-03-14
il,2026-03-14,178.0,178.0,-0.2053571428571428,0,2026-03-21
il,2026-03-21,106.0,106.0,-0.4044943820224719,0,2026-03-28
il,2026-03-28,103.0,103.0,-0.0283018867924528,0,2026-04-04
il,2026-04-04,65.0,65.0,-0.3689320388349514,0,2026-04-11
il,2026-04-11,54.0,54.0,-0.1692307692307692,0,2026-04-18
il,2026-04-18,68.0,68.0,0.2592592592592592,0,2026-04-25
il,2026-04-25,41.0,41.0,-0.3970588235294117,0,2026-05-02
il,2026-05-02,32.0,32.0,-0.2195121951219512,0,2026-05-09
il,2026-05-09,17.0,17.0,-0.46875,0,2026-05-16
il,2026-05-16,24.0,24.0,0.4117647058823529,0,2026-05-23
il,2026-05-23,17.0,17.0,-0.2916666666666667,0,2026-05-30
il,2026-05-30,8.0,8.0,-0.5294117647058824,0,2026-06-06
il,2026-06-06,15.0,15.0,0.875,0,2026-06-13
il,2026-06-13,14.0,14.0,-0.0666666666666666,0,2026-06-20
il,2026-06-20,9.0,9.0,-0.3571428571428571,0,2026-06-27
il,2026-06-27,13.0,13.0,0.4444444444444444,0,2026-07-04
in,2022-06-11,529.0,529.0,0.1183932346723044,1,2022-06-18
in,2022-09-17,470.0,470.0,-0.1328413284132841,0,2022-09-24
in,2022-09-24,356.0,356.0,-0.2425531914893617,0,2022-10-01
in,2022-10-08,368.0,368.0,-0.0588235294117647,0,2022-10-15
in,2022-10-15,416.0,416.0,0.1304347826086956,1,2022-10-22
in,2022-10-29,512.0,512.0,0.0963597430406852,0,2022-11-05
in,2023-02-04,471.0,471.0,0.1349397590361445,1,2023-02-11
in,2023-02-25,427.0,427.0,-0.0553097345132743,0,2023-03-04
in,2023-03-11,323.0,323.0,-0.2141119221411192,0,2023-03-18
in,2023-03-18,326.0,326.0,0.0092879256965944,0,2023-03-25
in,2023-03-25,286.0,286.0,-0.1226993865030674,0,2023-04-01
in,2023-04-01,285.0,285.0,-0.0034965034965034,0,2023-04-08
in,2023-04-08,277.0,277.0,-0.0280701754385964,0,2023-04-15
in,2023-05-06,207.0,207.0,0.101063829787234,0,2023-05-13
in,2023-06-10,78.0,78.0,-0.3035714285714285,0,2023-06-17
in,2023-06-17,70.0,70.0,-0.1025641025641025,0,2023-06-24
in,2023-07-01,81.0,81.0,0.208955223880597,0,2023-07-08
in,2023-07-08,77.0,77.0,-0.0493827160493827,0,2023-07-15
in,2023-07-15,102.0,102.0,0.3246753246753247,0,2023-07-22
in,2023-07-22,137.0,137.0,0.3431372549019608,0,2023-07-29
in,2023-07-29,159.0,159.0,0.1605839416058394,0,2023-08-05
in,2023-08-05,157.0,157.0,-0.0125786163522012,0,2023-08-12
in,2023-08-12,211.0,211.0,0.3439490445859872,0,2023-08-19
in,2023-08-26,381.0,381.0,0.2133757961783439,1,2023-09-02
in,2023-09-02,382.0,382.0,0.0026246719160104,0,2023-09-09
in,2023-09-30,315.0,315.0,-0.2298288508557457,0,2023-10-07
in,2023-10-07,323.0,323.0,0.0253968253968253,0,2023-10-14
in,2023-10-14,386.0,386.0,0.1950464396284829,1,2023-10-21
in,2023-10-21,346.0,346.0,-0.1036269430051813,0,2023-10-28
in,2023-10-28,354.0,354.0,0.0231213872832369,0,2023-11-04
in,2023-11-04,409.0,409.0,0.1553672316384181,1,2023-11-11
in,2023-11-11,451.0,451.0,0.1026894865525672,1,2023-11-18
in,2023-11-18,585.0,585.0,0.2971175166297117,1,2023-11-25
in,2023-11-25,846.0,846.0,0.4461538461538462,1,2023-12-02
in,2024-01-20,486.0,486.0,-0.25115562403698,0,2024-01-27
in,2024-02-03,408.0,408.0,-0.0121065375302663,0,2024-02-10
in,2024-02-10,348.0,348.0,-0.1470588235294117,0,2024-02-17
in,2024-03-02,306.0,306.0,-0.1818181818181818,0,2024-03-09
in,2024-03-09,263.0,263.0,-0.1405228758169934,0,2024-03-16
in,2024-03-16,214.0,214.0,-0.1863117870722433,0,2024-03-23
in,2024-03-23,195.0,195.0,-0.0887850467289719,0,2024-03-30
in,2024-03-30,156.0,156.0,-0.2,0,2024-04-06
in,2024-04-06,153.0,153.0,-0.0192307692307692,0,2024-04-13
in,2024-04-13,139.0,139.0,-0.0915032679738562,0,2024-04-20
in,2024-04-20,65.0,65.0,-0.5323741007194245,0,2024-04-27
in,2024-10-26,98.0,98.0,,0,2024-11-02
in,2024-11-09,145.0,145.0,-0.2162162162162162,0,2024-11-16
in,2024-11-16,166.0,166.0,0.1448275862068965,0,2024-11-23
in,2024-11-23,156.0,156.0,-0.0602409638554216,0,2024-11-30
in,2024-11-30,257.0,257.0,0.6474358974358975,0,2024-12-07
in,2024-12-07,318.0,318.0,0.2373540856031128,1,2024-12-14
in,2025-01-11,420.0,420.0,-0.2265193370165746,0,2025-01-18
in,2025-01-18,335.0,335.0,-0.2023809523809523,0,2025-01-25
in,2025-01-25,361.0,361.0,0.0776119402985074,0,2025-02-01
in,2025-02-15,366.0,366.0,-0.0054347826086956,0,2025-02-22
in,2025-03-01,241.0,241.0,-0.1423487544483986,0,2025-03-08
in,2025-03-08,240.0,240.0,-0.0041493775933609,0,2025-03-15
in,2025-03-15,207.0,207.0,-0.1375,0,2025-03-22
in,2025-03-22,171.0,171.0,-0.1739130434782608,0,2025-03-29
in,2025-03-29,143.0,143.0,-0.1637426900584795,0,2025-04-05
in,2025-04-05,101.0,101.0,-0.2937062937062937,0,2025-04-12
in,2025-04-12,84.0,84.0,-0.1683168316831683,0,2025-04-19
in,2025-04-19,81.0,81.0,-0.0357142857142857,0,2025-04-26
in,2025-04-26,84.0,84.0,0.037037037037037,0,2025-05-03
in,2025-05-03,52.0,52.0,-0.3809523809523809,0,2025-05-10
in,2025-05-10,61.0,61.0,0.173076923076923,0,2025-05-17
in,2025-05-17,44.0,44.0,-0.2786885245901639,0,2025-05-24
in,2025-05-24,46.0,46.0,0.0454545454545454,0,2025-05-31
in,2025-05-31,38.0,38.0,-0.1739130434782608,0,2025-06-07
in,2025-06-07,44.0,44.0,0.1578947368421052,0,2025-06-14
in,2025-06-14,36.0,36.0,-0.1818181818181818,0,2025-06-21
in,2025-06-21,32.0,32.0,-0.1111111111111111,0,2025-06-28
in,2025-06-28,29.0,29.0,-0.09375,0,2025-07-05
in,2025-07-05,41.0,41.0,0.4137931034482758,0,2025-07-12
in,2025-07-12,39.0,39.0,-0.048780487804878,0,2025-07-19
in,2025-07-19,45.0,45.0,0.1538461538461538,0,2025-07-26
in,2025-07-26,81.0,81.0,0.8,0,2025-08-02
in,2025-08-02,83.0,83.0,0.0246913580246913,0,2025-08-09
in,2025-08-09,114.0,114.0,0.3734939759036144,0,2025-08-16
in,2025-08-16,127.0,127.0,0.1140350877192982,0,2025-08-23
in,2025-08-23,119.0,119.0,-0.0629921259842519,0,2025-08-30
in,2025-08-30,148.0,148.0,0.2436974789915966,0,2025-09-06
in,2025-09-06,145.0,145.0,-0.0202702702702702,0,2025-09-13
in,2025-09-27,93.0,93.0,-0.2439024390243902,0,2025-10-04
in,2025-10-04,67.0,67.0,-0.2795698924731182,0,2025-10-11
in,2025-10-11,82.0,82.0,0.2238805970149253,0,2025-10-18
in,2025-10-18,63.0,63.0,-0.2317073170731707,0,2025-10-25
in,2025-10-25,65.0,65.0,0.0317460317460317,0,2025-11-01
in,2025-11-01,89.0,89.0,0.3692307692307692,0,2025-11-08
in,2025-11-08,117.0,117.0,0.3146067415730337,0,2025-11-15
in,2025-11-15,123.0,123.0,0.0512820512820512,0,2025-11-22
in,2025-11-22,142.0,142.0,0.1544715447154471,0,2025-11-29
in,2025-11-29,183.0,183.0,0.2887323943661972,0,2025-12-06
in,2025-12-13,292.0,292.0,0.3581395348837209,1,2025-12-20
in,2026-03-07,145.0,145.0,-0.09375,0,2026-03-14
in,2026-03-21,68.0,68.0,-0.3982300884955752,0,2026-03-28
in,2026-03-28,47.0,47.0,-0.3088235294117647,0,2026-04-04
in,2026-04-04,39.0,39.0,-0.1702127659574468,0,2026-04-11
in,2026-04-11,40.0,40.0,0.0256410256410256,0,2026-04-18
in,2026-04-18,24.0,24.0,-0.4,0,2026-04-25
in,2026-04-25,27.0,27.0,0.125,0,2026-05-02
in,2026-05-02,11.0,11.0,-0.5925925925925926,0,2026-05-09
in,2026-05-09,23.0,23.0,1.0909090909090908,0,2026-05-16
in,2026-05-16,13.0,13.0,-0.4347826086956521,0,2026-05-23
in,2026-05-23,23.0,23.0,0.7692307692307693,0,2026-05-30
in,2026-05-30,17.0,17.0,-0.2608695652173913,0,2026-06-06
in,2026-06-06,10.0,10.0,-0.4117647058823529,0,2026-06-13
in,2026-06-13,13.0,13.0,0.3,0,2026-06-20
in,2026-06-20,9.0,9.0,-0.3076923076923077,0,2026-06-27
in,2026-06-27,7.0,7.0,-0.2222222222222222,0,2026-07-04
ks,2023-06-17,40.0,40.0,0.1764705882352941,0,2023-06-24
ks,2023-07-08,49.0,49.0,0.53125,0,2023-07-15
ks,2023-07-22,42.0,42.0,0.5555555555555556,0,2023-07-29
ks,2023-10-14,180.0,180.0,0.40625,1,2023-10-21
ks,2023-10-21,235.0,235.0,0.3055555555555556,1,2023-10-28
ks,2023-10-28,261.0,261.0,0.1106382978723404,1,2023-11-04
ks,2023-11-11,285.0,285.0,-0.0104166666666666,0,2023-11-18
ks,2023-11-18,245.0,245.0,-0.1403508771929824,0,2023-11-25
ks,2023-11-25,303.0,303.0,0.236734693877551,1,2023-12-02
ks,2024-03-23,97.0,97.0,-0.010204081632653,0,2024-03-30
ks,2024-03-30,85.0,85.0,-0.1237113402061855,0,2024-04-06
ks,2024-04-06,66.0,66.0,-0.2235294117647059,0,2024-04-13
ks,2024-04-13,72.0,72.0,0.0909090909090909,0,2024-04-20
ks,2024-04-20,58.0,58.0,-0.1944444444444444,0,2024-04-27
ks,2024-11-23,50.0,50.0,-0.1666666666666666,0,2024-11-30
ks,2025-03-22,42.0,42.0,-0.3225806451612903,0,2025-03-29
ks,2025-05-03,22.0,22.0,0.0,0,2025-05-10
ks,2025-05-10,14.0,14.0,-0.3636363636363636,0,2025-05-17
ks,2025-05-17,11.0,11.0,-0.2142857142857142,0,2025-05-24
ks,2025-05-24,14.0,14.0,0.2727272727272727,0,2025-05-31
ks,2025-05-31,10.0,10.0,-0.2857142857142857,0,2025-06-07
ks,2025-06-07,6.0,6.0,-0.4,0,2025-06-14
ks,2025-06-14,15.0,15.0,1.5,0,2025-06-21
ks,2025-06-21,20.0,20.0,0.3333333333333333,0,2025-06-28
ks,2025-06-28,15.0,15.0,-0.25,0,2025-07-05
ks,2025-07-05,11.0,11.0,-0.2666666666666666,0,2025-07-12
ks,2025-07-12,18.0,18.0,0.6363636363636364,0,2025-07-19
ks,2025-07-19,11.0,11.0,-0.3888888888888889,0,2025-07-26
ks,2025-07-26,21.0,21.0,0.9090909090909092,0,2025-08-02
ks,2025-08-02,28.0,28.0,0.3333333333333333,0,2025-08-09
ks,2025-08-09,41.0,41.0,0.4642857142857143,0,2025-08-16
ks,2025-08-16,56.0,56.0,0.3658536585365853,0,2025-08-23
ks,2025-08-23,55.0,55.0,-0.0178571428571428,0,2025-08-30
ks,2025-08-30,37.0,37.0,-0.3272727272727272,0,2025-09-06
ks,2025-09-13,71.0,71.0,-0.0273972602739726,0,2025-09-20
ks,2025-10-04,43.0,43.0,-0.1224489795918367,0,2025-10-11
ks,2025-10-11,34.0,34.0,-0.2093023255813953,0,2025-10-18
ks,2025-10-18,17.0,17.0,-0.5,0,2025-10-25
ks,2025-11-01,24.0,24.0,-0.1724137931034483,0,2025-11-08
ks,2025-11-08,36.0,36.0,0.5,0,2025-11-15
ks,2025-11-15,22.0,22.0,-0.3888888888888889,0,2025-11-22
ks,2025-11-29,43.0,43.0,0.4333333333333333,0,2025-12-06
ks,2025-12-13,86.0,86.0,0.7551020408163265,0,2025-12-20
ks,2026-01-17,88.0,88.0,-0.1111111111111111,0,2026-01-24
ks,2026-01-24,70.0,70.0,-0.2045454545454545,0,2026-01-31
ks,2026-02-14,72.0,72.0,0.125,0,2026-02-21
ks,2026-02-28,34.0,34.0,-0.3928571428571428,0,2026-03-07
ks,2026-03-21,28.0,28.0,-0.1764705882352941,0,2026-03-28
ks,2026-03-28,25.0,25.0,-0.1071428571428571,0,2026-04-04
ks,2026-04-04,34.0,34.0,0.36,0,2026-04-11
ks,2026-04-11,12.0,12.0,-0.6470588235294118,0,2026-04-18
ks,2026-04-18,2.0,2.0,-0.8333333333333334,0,2026-04-25
ks,2026-04-25,3.0,3.0,0.5,0,2026-05-02
ks,2026-05-02,5.0,5.0,0.6666666666666666,0,2026-05-09
ks,2026-05-09,7.0,7.0,0.4,0,2026-05-16
ks,2026-05-16,3.0,3.0,-0.5714285714285714,0,2026-05-23
ks,2026-05-23,8.0,8.0,1.6666666666666667,0,2026-05-30
ks,2026-05-30,2.0,2.0,-0.75,0,2026-06-06
ks,2026-06-06,4.0,4.0,1.0,0,2026-06-13
ks,2026-06-13,3.0,3.0,-0.25,0,2026-06-20
ks,2026-06-20,8.0,8.0,1.6666666666666667,0,2026-06-27
ks,2026-06-27,3.0,3.0,-0.625,0,2026-07-04
ky,2022-09-10,556.0,556.0,-0.2596537949400799,0,2022-09-17
ky,2022-10-08,356.0,356.0,0.0084985835694051,0,2022-10-15
ky,2023-04-22,145.0,145.0,-0.1807909604519774,0,2023-04-29
ky,2023-04-29,112.0,112.0,-0.2275862068965517,0,2023-05-06
ky,2023-05-06,129.0,129.0,0.1517857142857142,1,2023-05-13
ky,2023-06-03,54.0,54.0,-0.3720930232558139,0,2023-06-10
ky,2024-10-26,90.0,90.0,,0,2024-11-02
ky,2024-11-02,131.0,131.0,0.4555555555555555,1,2024-11-09
ky,2024-11-09,107.0,107.0,-0.183206106870229,0,2024-11-16
ky,2024-11-23,96.0,96.0,-0.102803738317757,0,2024-11-30
ky,2024-11-30,137.0,137.0,0.4270833333333333,1,2024-12-07
ky,2024-12-07,165.0,165.0,0.2043795620437956,1,2024-12-14
ky,2024-12-14,228.0,228.0,0.3818181818181818,1,2024-12-21
ky,2025-01-04,280.0,280.0,-0.376391982182628,0,2025-01-11
ky,2025-01-18,206.0,206.0,-0.1082251082251082,0,2025-01-25
ky,2025-01-25,208.0,208.0,0.0097087378640776,0,2025-02-01
ky,2025-02-01,251.0,251.0,0.2067307692307692,1,2025-02-08
ky,2025-02-08,232.0,232.0,-0.0756972111553784,0,2025-02-15
ky,2025-02-15,208.0,208.0,-0.1034482758620689,0,2025-02-22
ky,2025-02-22,229.0,229.0,0.1009615384615384,1,2025-03-01
ky,2025-03-01,198.0,198.0,-0.1353711790393013,0,2025-03-08
ky,2025-03-08,181.0,181.0,-0.0858585858585858,0,2025-03-15
ky,2025-03-15,135.0,135.0,-0.2541436464088398,0,2025-03-22
ky,2025-03-22,125.0,125.0,-0.074074074074074,0,2025-03-29
ky,2025-03-29,107.0,107.0,-0.144,0,2025-04-05
ky,2025-04-05,93.0,93.0,-0.1308411214953271,0,2025-04-12
ky,2025-04-12,68.0,68.0,-0.2688172043010752,0,2025-04-19
ky,2025-04-19,70.0,70.0,0.0294117647058823,0,2025-04-26
ky,2025-04-26,49.0,49.0,-0.3,0,2025-05-03
ky,2025-05-03,41.0,41.0,-0.1632653061224489,0,2025-05-10
ky,2025-05-10,45.0,45.0,0.0975609756097561,0,2025-05-17
ky,2025-05-17,38.0,38.0,-0.1555555555555555,0,2025-05-24
ky,2025-05-24,33.0,33.0,-0.131578947368421,0,2025-05-31
ky,2025-05-31,35.0,35.0,0.0606060606060606,0,2025-06-07
ky,2025-06-07,21.0,21.0,-0.4,0,2025-06-14
ky,2025-06-14,20.0,20.0,-0.0476190476190476,0,2025-06-21
ky,2025-06-21,17.0,17.0,-0.15,0,2025-06-28
ky,2025-06-28,22.0,22.0,0.2941176470588235,0,2025-07-05
ky,2025-07-05,34.0,34.0,0.5454545454545454,0,2025-07-12
ky,2025-07-12,35.0,35.0,0.0294117647058823,0,2025-07-19
ky,2025-07-19,39.0,39.0,0.1142857142857142,0,2025-07-26
ky,2025-07-26,48.0,48.0,0.2307692307692307,0,2025-08-02
ky,2025-08-02,63.0,63.0,0.3125,0,2025-08-09
ky,2025-08-09,77.0,77.0,0.2222222222222222,0,2025-08-16
ky,2025-08-16,103.0,103.0,0.3376623376623376,0,2025-08-23
ky,2025-08-23,113.0,113.0,0.0970873786407767,0,2025-08-30
ky,2025-08-30,152.0,152.0,0.3451327433628318,1,2025-09-06
ky,2025-09-06,135.0,135.0,-0.1118421052631579,0,2025-09-13
ky,2025-09-13,127.0,127.0,-0.0592592592592592,0,2025-09-20
ky,2025-09-20,86.0,86.0,-0.3228346456692913,0,2025-09-27
ky,2025-09-27,89.0,89.0,0.0348837209302325,0,2025-10-04
ky,2025-10-04,69.0,69.0,-0.2247191011235955,0,2025-10-11
ky,2025-10-11,72.0,72.0,0.0434782608695652,0,2025-10-18
ky,2025-10-18,41.0,41.0,-0.4305555555555556,0,2025-10-25
ky,2025-10-25,39.0,39.0,-0.048780487804878,0,2025-11-01
ky,2025-11-01,54.0,54.0,0.3846153846153846,0,2025-11-08
ky,2025-11-08,53.0,53.0,-0.0185185185185185,0,2025-11-15
ky,2025-11-15,72.0,72.0,0.3584905660377358,0,2025-11-22
ky,2025-11-22,83.0,83.0,0.1527777777777778,0,2025-11-29
ky,2025-11-29,72.0,72.0,-0.1325301204819277,0,2025-12-06
ky,2025-12-06,69.0,69.0,-0.0416666666666666,0,2025-12-13
ky,2025-12-13,126.0,126.0,0.8260869565217391,1,2025-12-20
ky,2025-12-20,151.0,151.0,0.1984126984126984,1,2025-12-27
ky,2026-01-17,139.0,139.0,0.0859375,0,2026-01-24
ky,2026-01-24,131.0,131.0,-0.0575539568345323,0,2026-01-31
ky,2026-01-31,131.0,131.0,0.0,0,2026-02-07
ky,2026-02-07,103.0,103.0,-0.2137404580152671,0,2026-02-14
ky,2026-02-14,102.0,102.0,-0.0097087378640776,0,2026-02-21
ky,2026-02-21,110.0,110.0,0.0784313725490196,0,2026-02-28
ky,2026-02-28,124.0,124.0,0.1272727272727272,0,2026-03-07
ky,2026-03-07,86.0,86.0,-0.3064516129032258,0,2026-03-14
ky,2026-03-14,73.0,73.0,-0.1511627906976744,0,2026-03-21
ky,2026-03-21,36.0,36.0,-0.5068493150684932,0,2026-03-28
ky,2026-03-28,39.0,39.0,0.0833333333333333,0,2026-04-04
ky,2026-04-04,32.0,32.0,-0.1794871794871795,0,2026-04-11
ky,2026-04-11,23.0,23.0,-0.28125,0,2026-04-18
ky,2026-04-18,33.0,33.0,0.4347826086956521,0,2026-04-25
ky,2026-04-25,26.0,26.0,-0.2121212121212121,0,2026-05-02
ky,2026-05-02,19.0,19.0,-0.2692307692307692,0,2026-05-09
ky,2026-05-09,22.0,22.0,0.1578947368421052,0,2026-05-16
ky,2026-05-16,18.0,18.0,-0.1818181818181818,0,2026-05-23
ky,2026-05-23,13.0,13.0,-0.2777777777777778,0,2026-05-30
ky,2026-05-30,12.0,12.0,-0.0769230769230769,0,2026-06-06
ky,2026-06-06,7.0,7.0,-0.4166666666666667,0,2026-06-13
ky,2026-06-13,9.0,9.0,0.2857142857142857,0,2026-06-20
ky,2026-06-20,8.0,8.0,-0.1111111111111111,0,2026-06-27
ky,2026-06-27,5.0,5.0,-0.375,0,2026-07-04
la,2022-10-01,402.0,402.0,0.092391304347826,0,2022-10-08
la,2022-10-08,326.0,326.0,-0.1890547263681592,0,2022-10-15
la,2022-10-15,251.0,251.0,-0.2300613496932515,0,2022-10-22
la,2022-10-22,274.0,274.0,0.0916334661354581,0,2022-10-29
la,2022-10-29,263.0,263.0,-0.0401459854014598,0,2022-11-05
la,2022-11-05,300.0,300.0,0.1406844106463878,1,2022-11-12
la,2022-11-12,309.0,309.0,0.03,0,2022-11-19
la,2022-11-19,448.0,448.0,0.4498381877022653,1,2022-11-26
la,2022-11-26,509.0,509.0,0.1361607142857142,1,2022-12-03
la,2022-12-03,491.0,491.0,-0.0353634577603143,0,2022-12-10
la,2022-12-10,428.0,428.0,-0.1283095723014256,0,2022-12-17
la,2022-12-17,475.0,475.0,0.1098130841121495,1,2022-12-24
la,2022-12-24,503.0,503.0,0.0589473684210526,0,2022-12-31
la,2022-12-31,702.0,702.0,0.3956262425447316,1,2023-01-07
la,2023-01-07,680.0,680.0,-0.0313390313390313,0,2023-01-14
la,2023-01-14,526.0,526.0,-0.2264705882352941,0,2023-01-21
la,2023-01-21,412.0,412.0,-0.2167300380228136,0,2023-01-28
la,2023-01-28,423.0,423.0,0.0266990291262135,0,2023-02-04
la,2023-02-04,504.0,504.0,0.1914893617021276,1,2023-02-11
la,2023-02-11,423.0,423.0,-0.1607142857142857,0,2023-02-18
la,2023-02-18,372.0,372.0,-0.1205673758865248,0,2023-02-25
la,2023-02-25,345.0,345.0,-0.0725806451612903,0,2023-03-04
la,2023-03-04,278.0,278.0,-0.1942028985507246,0,2023-03-11
la,2023-03-11,213.0,213.0,-0.2338129496402877,0,2023-03-18
la,2023-03-18,218.0,218.0,0.0234741784037558,0,2023-03-25
la,2023-03-25,179.0,179.0,-0.1788990825688073,0,2023-04-01
la,2023-04-01,179.0,179.0,0.0,0,2023-04-08
la,2023-04-08,166.0,166.0,-0.0726256983240223,0,2023-04-15
la,2023-04-15,134.0,134.0,-0.1927710843373494,0,2023-04-22
la,2023-04-22,137.0,137.0,0.0223880597014925,0,2023-04-29
la,2023-04-29,122.0,122.0,-0.1094890510948905,0,2023-05-06
la,2023-05-06,114.0,114.0,-0.0655737704918032,0,2023-05-13
la,2023-05-13,125.0,125.0,0.0964912280701754,0,2023-05-20
la,2023-05-20,93.0,93.0,-0.256,0,2023-05-27
la,2023-05-27,117.0,117.0,0.2580645161290322,0,2023-06-03
la,2023-06-03,130.0,130.0,0.1111111111111111,0,2023-06-10
la,2023-06-10,84.0,84.0,-0.3538461538461538,0,2023-06-17
la,2023-06-17,81.0,81.0,-0.0357142857142857,0,2023-06-24
la,2023-06-24,86.0,86.0,0.0617283950617283,0,2023-07-01
la,2023-07-01,105.0,105.0,0.2209302325581395,0,2023-07-08
la,2024-03-02,276.0,276.0,-0.1401869158878504,0,2024-03-09
la,2024-03-09,196.0,196.0,-0.2898550724637681,0,2024-03-16
la,2024-03-16,180.0,180.0,-0.0816326530612244,0,2024-03-23
la,2024-03-23,133.0,133.0,-0.2611111111111111,0,2024-03-30
la,2024-03-30,118.0,118.0,-0.112781954887218,0,2024-04-06
la,2024-04-06,86.0,86.0,-0.2711864406779661,0,2024-04-13
la,2024-04-13,78.0,78.0,-0.0930232558139534,0,2024-04-20
la,2024-04-20,55.0,55.0,-0.2948717948717949,0,2024-04-27
la,2024-10-26,63.0,63.0,,0,2024-11-02
la,2024-11-02,78.0,78.0,0.238095238095238,0,2024-11-09
la,2024-11-09,67.0,67.0,-0.141025641025641,0,2024-11-16
la,2024-11-16,68.0,68.0,0.0149253731343283,0,2024-11-23
la,2024-11-23,65.0,65.0,-0.0441176470588235,0,2024-11-30
la,2024-11-30,79.0,79.0,0.2153846153846154,0,2024-12-07
la,2024-12-07,100.0,100.0,0.2658227848101265,0,2024-12-14
la,2024-12-14,112.0,112.0,0.12,0,2024-12-21
la,2024-12-21,140.0,140.0,0.25,1,2024-12-28
la,2024-12-28,194.0,194.0,0.3857142857142857,1,2025-01-04
la,2025-01-04,161.0,161.0,-0.1701030927835051,0,2025-01-11
la,2025-01-11,137.0,137.0,-0.1490683229813664,0,2025-01-18
la,2025-01-18,135.0,135.0,-0.0145985401459854,0,2025-01-25
la,2025-01-25,164.0,164.0,0.2148148148148148,1,2025-02-01
la,2025-02-01,179.0,179.0,0.0914634146341463,0,2025-02-08
la,2025-02-08,165.0,165.0,-0.0782122905027933,0,2025-02-15
la,2025-02-15,139.0,139.0,-0.1575757575757575,0,2025-02-22
la,2025-02-22,172.0,172.0,0.237410071942446,1,2025-03-01
la,2025-03-01,152.0,152.0,-0.1162790697674418,0,2025-03-08
la,2025-03-08,184.0,184.0,0.2105263157894736,1,2025-03-15
la,2025-03-15,166.0,166.0,-0.0978260869565217,0,2025-03-22
la,2025-03-22,120.0,120.0,-0.2771084337349397,0,2025-03-29
la,2025-04-19,79.0,79.0,-0.0813953488372093,0,2025-04-26
la,2025-05-03,60.0,60.0,-0.25,0,2025-05-10
la,2025-05-24,59.0,59.0,-0.1917808219178082,0,2025-05-31
la,2025-05-31,67.0,67.0,0.135593220338983,0,2025-06-07
la,2025-06-14,77.0,77.0,0.4259259259259259,0,2025-06-21
la,2025-06-21,54.0,54.0,-0.2987012987012987,0,2025-06-28
la,2025-06-28,61.0,61.0,0.1296296296296296,0,2025-07-05
la,2025-07-12,91.0,91.0,0.0963855421686747,0,2025-07-19
la,2025-07-19,92.0,92.0,0.0109890109890109,0,2025-07-26
la,2025-07-26,128.0,128.0,0.391304347826087,0,2025-08-02
la,2025-10-25,49.0,49.0,-0.109090909090909,0,2025-11-01
la,2025-11-01,45.0,45.0,-0.0816326530612244,0,2025-11-08
la,2025-11-08,34.0,34.0,-0.2444444444444444,0,2025-11-15
la,2025-11-15,63.0,63.0,0.8529411764705882,0,2025-11-22
la,2025-11-29,39.0,39.0,-0.1136363636363636,0,2025-12-06
la,2025-12-06,46.0,46.0,0.1794871794871795,0,2025-12-13
la,2025-12-20,72.0,72.0,0.6744186046511628,0,2025-12-27
la,2025-12-27,75.0,75.0,0.0416666666666666,0,2026-01-03
la,2026-01-31,66.0,66.0,0.1785714285714285,0,2026-02-07
la,2026-02-07,89.0,89.0,0.3484848484848485,0,2026-02-14
la,2026-02-14,67.0,67.0,-0.247191011235955,0,2026-02-21
la,2026-02-28,69.0,69.0,0.0615384615384615,0,2026-03-07
la,2026-03-07,54.0,54.0,-0.217391304347826,0,2026-03-14
la,2026-03-14,44.0,44.0,-0.1851851851851851,0,2026-03-21
la,2026-03-21,22.0,22.0,-0.5,0,2026-03-28
la,2026-03-28,17.0,17.0,-0.2272727272727272,0,2026-04-04
la,2026-04-11,19.0,19.0,0.4615384615384615,0,2026-04-18
la,2026-04-18,35.0,35.0,0.8421052631578947,0,2026-04-25
la,2026-04-25,24.0,24.0,-0.3142857142857143,0,2026-05-02
ma,2023-07-01,155.0,155.0,-0.0548780487804878,0,2023-07-08
ma,2023-07-29,312.0,312.0,0.248,0,2023-08-05
ma,2024-03-23,180.0,180.0,0.0055865921787709,0,2024-03-30
ma,2024-04-06,170.0,170.0,-0.1145833333333333,0,2024-04-13
ma,2024-04-20,142.0,142.0,-0.1839080459770115,0,2024-04-27
ma,2025-01-04,677.0,677.0,0.0463678516228748,0,2025-01-11
ma,2025-02-15,290.0,290.0,-0.1690544412607449,0,2025-02-22
ma,2025-06-14,82.0,82.0,-0.293103448275862,0,2025-06-21
ma,2026-03-14,79.0,79.0,-0.2178217821782178,0,2026-03-21
ma,2026-03-28,48.0,48.0,-0.0204081632653061,0,2026-04-04
ma,2026-04-04,27.0,27.0,-0.4375,0,2026-04-11
ma,2026-04-25,29.0,29.0,-0.09375,0,2026-05-02
ma,2026-05-02,40.0,40.0,0.3793103448275862,0,2026-05-09
ma,2026-05-09,18.0,18.0,-0.55,0,2026-05-16
ma,2026-05-16,12.0,12.0,-0.3333333333333333,0,2026-05-23
ma,2026-05-23,9.0,9.0,-0.25,0,2026-05-30
ma,2026-05-30,15.0,15.0,0.6666666666666666,0,2026-06-06
ma,2026-06-06,8.0,8.0,-0.4666666666666667,0,2026-06-13
ma,2026-06-13,8.0,8.0,0.0,0,2026-06-20
ma,2026-06-20,5.0,5.0,-0.375,0,2026-06-27
ma,2026-06-27,4.0,4.0,-0.2,0,2026-07-04
md,2022-07-02,551.0,551.0,-0.0143112701252236,0,2022-07-09
md,2022-12-31,820.0,820.0,0.0199004975124378,0,2023-01-07
md,2023-06-10,82.0,82.0,0.0933333333333333,0,2023-06-17
md,2023-09-09,271.0,271.0,-0.0875420875420875,0,2023-09-16
md,2024-04-06,91.0,91.0,-0.208695652173913,0,2024-04-13
md,2024-11-09,69.0,69.0,-0.303030303030303,0,2024-11-16
md,2024-11-30,86.0,86.0,0.1168831168831168,0,2024-12-07
md,2024-12-07,88.0,88.0,0.0232558139534883,0,2024-12-14
md,2024-12-14,112.0,112.0,0.2727272727272727,0,2024-12-21
md,2025-02-22,159.0,159.0,-0.1497326203208556,0,2025-03-01
md,2025-03-01,136.0,136.0,-0.1446540880503144,0,2025-03-08
md,2025-04-05,101.0,101.0,-0.1367521367521367,0,2025-04-12
md,2025-04-19,73.0,73.0,-0.1204819277108433,0,2025-04-26
md,2025-05-10,55.0,55.0,0.2790697674418604,0,2025-05-17
md,2025-05-17,58.0,58.0,0.0545454545454545,0,2025-05-24
md,2025-05-24,59.0,59.0,0.0172413793103448,0,2025-05-31
md,2025-05-31,68.0,68.0,0.1525423728813559,0,2025-06-07
md,2025-06-07,43.0,43.0,-0.3676470588235294,0,2025-06-14
md,2025-06-21,52.0,52.0,0.3333333333333333,0,2025-06-28
md,2025-06-28,51.0,51.0,-0.0192307692307692,0,2025-07-05
md,2025-07-05,64.0,64.0,0.2549019607843137,0,2025-07-12
md,2025-07-12,54.0,54.0,-0.15625,0,2025-07-19
md,2025-07-19,82.0,82.0,0.5185185185185185,0,2025-07-26
md,2025-08-02,128.0,128.0,0.3195876288659793,1,2025-08-09
md,2025-08-23,156.0,156.0,0.2892561983471074,1,2025-08-30
md,2025-08-30,127.0,127.0,-0.1858974358974359,0,2025-09-06
md,2025-09-06,95.0,95.0,-0.2519685039370078,0,2025-09-13
md,2025-09-13,101.0,101.0,0.0631578947368421,0,2025-09-20
md,2025-09-27,74.0,74.0,-0.2815533980582524,0,2025-10-04
md,2025-10-04,62.0,62.0,-0.1621621621621621,0,2025-10-11
md,2025-11-01,42.0,42.0,0.5555555555555556,0,2025-11-08
md,2025-11-08,26.0,26.0,-0.3809523809523809,0,2025-11-15
md,2025-11-15,42.0,42.0,0.6153846153846154,0,2025-11-22
md,2025-11-22,36.0,36.0,-0.1428571428571428,0,2025-11-29
md,2025-11-29,41.0,41.0,0.1388888888888889,0,2025-12-06
md,2025-12-06,53.0,53.0,0.2926829268292683,0,2025-12-13
md,2025-12-13,60.0,60.0,0.1320754716981132,0,2025-12-20
md,2025-12-20,65.0,65.0,0.0833333333333333,0,2025-12-27
md,2025-12-27,120.0,120.0,0.8461538461538461,0,2026-01-03
md,2026-01-03,103.0,103.0,-0.1416666666666666,0,2026-01-10
md,2026-01-10,81.0,81.0,-0.2135922330097087,0,2026-01-17
md,2026-01-24,67.0,67.0,-0.141025641025641,0,2026-01-31
md,2026-02-07,76.0,76.0,0.0704225352112676,0,2026-02-14
md,2026-02-14,75.0,75.0,-0.0131578947368421,0,2026-02-21
md,2026-03-07,80.0,80.0,-0.1304347826086956,0,2026-03-14
md,2026-03-28,15.0,15.0,-0.0625,0,2026-04-04
md,2026-04-25,19.0,19.0,-0.05,0,2026-05-02
md,2026-05-02,28.0,28.0,0.4736842105263157,0,2026-05-09
md,2026-05-09,9.0,9.0,-0.6785714285714286,0,2026-05-16
md,2026-05-16,17.0,17.0,0.8888888888888888,0,2026-05-23
md,2026-05-23,12.0,12.0,-0.2941176470588235,0,2026-05-30
md,2026-05-30,10.0,10.0,-0.1666666666666666,0,2026-06-06
md,2026-06-06,4.0,4.0,-0.6,0,2026-06-13
md,2026-06-13,6.0,6.0,0.5,0,2026-06-20
md,2026-06-20,11.0,11.0,0.8333333333333334,0,2026-06-27
md,2026-06-27,12.0,12.0,0.0909090909090909,0,2026-07-04
me,2022-04-02,68.0,68.0,0.0625,0,2022-04-09
me,2022-04-09,70.0,70.0,0.0294117647058823,0,2022-04-16
me,2022-05-07,151.0,151.0,0.2276422764227642,1,2022-05-14
me,2022-05-14,165.0,165.0,0.0927152317880794,0,2022-05-21
me,2022-06-11,98.0,98.0,0.2098765432098765,1,2022-06-18
me,2022-08-20,124.0,124.0,0.0782608695652174,0,2022-08-27
me,2022-09-03,114.0,114.0,0.0555555555555555,0,2022-09-10
me,2022-10-08,152.0,152.0,-0.05,0,2022-10-15
me,2022-11-26,81.0,81.0,0.0657894736842105,0,2022-12-03
me,2022-12-03,91.0,91.0,0.1234567901234567,1,2022-12-10
me,2022-12-17,88.0,88.0,0.1891891891891892,1,2022-12-24
me,2022-12-24,99.0,99.0,0.125,1,2022-12-31
me,2023-01-07,93.0,93.0,0.0689655172413793,0,2023-01-14
me,2023-02-04,102.0,102.0,0.1208791208791208,1,2023-02-11
me,2023-02-18,112.0,112.0,-0.0967741935483871,0,2023-02-25
me,2023-04-01,61.0,61.0,-0.1029411764705882,0,2023-04-08
me,2023-04-29,42.0,42.0,0.4,1,2023-05-06
me,2023-05-13,23.0,23.0,-0.2068965517241379,0,2023-05-20
me,2023-05-20,27.0,27.0,0.1739130434782608,0,2023-05-27
me,2023-05-27,18.0,18.0,-0.3333333333333333,0,2023-06-03
me,2023-06-03,19.0,19.0,0.0555555555555555,0,2023-06-10
me,2023-06-10,21.0,21.0,0.1052631578947368,0,2023-06-17
me,2023-06-17,17.0,17.0,-0.1904761904761904,0,2023-06-24
me,2023-06-24,9.0,9.0,-0.4705882352941176,0,2023-07-01
me,2023-07-01,11.0,11.0,0.2222222222222222,0,2023-07-08
me,2023-07-08,20.0,20.0,0.8181818181818182,0,2023-07-15
me,2023-07-15,21.0,21.0,0.05,0,2023-07-22
me,2023-07-22,29.0,29.0,0.3809523809523809,0,2023-07-29
me,2023-07-29,23.0,23.0,-0.2068965517241379,0,2023-08-05
me,2023-08-05,23.0,23.0,0.0,0,2023-08-12
me,2023-08-12,28.0,28.0,0.217391304347826,0,2023-08-19
me,2023-08-19,25.0,25.0,-0.1071428571428571,0,2023-08-26
me,2023-09-16,48.0,48.0,-0.0588235294117647,0,2023-09-23
me,2023-10-28,52.0,52.0,-0.0188679245283018,0,2023-11-04
me,2023-12-23,127.0,127.0,0.1043478260869565,1,2023-12-30
me,2024-01-20,50.0,50.0,-0.382716049382716,0,2024-01-27
me,2024-01-27,64.0,64.0,0.28,1,2024-02-03
me,2024-03-09,33.0,33.0,-0.1538461538461538,0,2024-03-16
me,2024-03-16,37.0,37.0,0.1212121212121212,0,2024-03-23
me,2024-03-23,21.0,21.0,-0.4324324324324324,0,2024-03-30
me,2024-03-30,22.0,22.0,0.0476190476190476,0,2024-04-06
me,2024-04-06,15.0,15.0,-0.3181818181818182,0,2024-04-13
me,2024-04-13,20.0,20.0,0.3333333333333333,0,2024-04-20
me,2024-04-20,16.0,16.0,-0.2,0,2024-04-27
me,2024-10-26,11.0,11.0,,0,2024-11-02
me,2024-11-16,21.0,21.0,-0.16,0,2024-11-23
me,2024-12-07,33.0,33.0,0.65,0,2024-12-14
me,2024-12-14,26.0,26.0,-0.2121212121212121,0,2024-12-21
me,2024-12-21,50.0,50.0,0.9230769230769232,1,2024-12-28
me,2025-01-04,97.0,97.0,0.0543478260869565,0,2025-01-11
me,2025-01-25,46.0,46.0,-0.1636363636363636,0,2025-02-01
me,2025-02-22,9.0,9.0,-0.5714285714285714,0,2025-03-01
me,2025-03-01,17.0,17.0,0.8888888888888888,0,2025-03-08
me,2025-03-08,17.0,17.0,0.0,0,2025-03-15
me,2025-03-15,7.0,7.0,-0.5882352941176471,0,2025-03-22
me,2025-03-22,3.0,3.0,-0.5714285714285714,0,2025-03-29
me,2025-03-29,4.0,4.0,0.3333333333333333,0,2025-04-05
me,2025-04-05,6.0,6.0,0.5,0,2025-04-12
me,2025-04-12,5.0,5.0,-0.1666666666666666,0,2025-04-19
me,2025-04-19,8.0,8.0,0.6,0,2025-04-26
me,2025-04-26,5.0,5.0,-0.375,0,2025-05-03
me,2025-05-03,12.0,12.0,1.4,0,2025-05-10
me,2025-05-10,2.0,2.0,-0.8333333333333334,0,2025-05-17
me,2025-05-17,10.0,10.0,4.0,0,2025-05-24
me,2025-05-24,2.0,2.0,-0.8,0,2025-05-31
me,2025-05-31,4.0,4.0,1.0,0,2025-06-07
me,2025-06-07,5.0,5.0,0.25,0,2025-06-14
me,2025-06-14,2.0,2.0,-0.6,0,2025-06-21
me,2025-06-21,0.0,0.0,-1.0,0,2025-06-28
me,2025-06-28,0.0,0.0,,0,2025-07-05
me,2025-07-05,1.0,1.0,,0,2025-07-12
me,2025-07-12,5.0,5.0,4.0,0,2025-07-19
me,2025-07-19,7.0,7.0,0.4,0,2025-07-26
me,2025-07-26,3.0,3.0,-0.5714285714285714,0,2025-08-02
me,2025-08-02,8.0,8.0,1.6666666666666667,0,2025-08-09
me,2025-08-09,8.0,8.0,0.0,0,2025-08-16
me,2025-08-16,3.0,3.0,-0.625,0,2025-08-23
me,2025-08-23,13.0,13.0,3.3333333333333335,0,2025-08-30
me,2025-08-30,17.0,17.0,0.3076923076923077,0,2025-09-06
me,2025-09-06,8.0,8.0,-0.5294117647058824,0,2025-09-13
me,2025-09-13,14.0,14.0,0.75,0,2025-09-20
me,2025-09-20,8.0,8.0,-0.4285714285714285,0,2025-09-27
me,2025-09-27,14.0,14.0,0.75,0,2025-10-04
me,2025-10-04,16.0,16.0,0.1428571428571428,0,2025-10-11
me,2025-10-11,6.0,6.0,-0.625,0,2025-10-18
me,2025-10-18,16.0,16.0,1.6666666666666667,0,2025-10-25
me,2025-10-25,8.0,8.0,-0.5,0,2025-11-01
me,2025-11-01,5.0,5.0,-0.375,0,2025-11-08
me,2025-11-08,7.0,7.0,0.4,0,2025-11-15
me,2025-11-15,11.0,11.0,0.5714285714285714,0,2025-11-22
me,2025-11-22,8.0,8.0,-0.2727272727272727,0,2025-11-29
me,2025-11-29,15.0,15.0,0.875,0,2025-12-06
me,2025-12-06,15.0,15.0,0.0,0,2025-12-13
me,2025-12-13,18.0,18.0,0.2,0,2025-12-20
me,2025-12-20,25.0,25.0,0.3888888888888889,0,2025-12-27
me,2026-01-03,47.0,47.0,-0.0408163265306122,0,2026-01-10
me,2026-01-10,40.0,40.0,-0.1489361702127659,0,2026-01-17
me,2026-01-17,25.0,25.0,-0.375,0,2026-01-24
me,2026-01-24,17.0,17.0,-0.32,0,2026-01-31
me,2026-02-07,20.0,20.0,-0.4117647058823529,0,2026-02-14
me,2026-03-14,9.0,9.0,-0.6086956521739131,0,2026-03-21
me,2026-03-21,7.0,7.0,-0.2222222222222222,0,2026-03-28
me,2026-03-28,7.0,7.0,0.0,0,2026-04-04
me,2026-04-04,2.0,2.0,-0.7142857142857143,0,2026-04-11
me,2026-04-11,1.0,1.0,-0.5,0,2026-04-18
me,2026-04-18,2.0,2.0,1.0,0,2026-04-25
me,2026-04-25,1.0,1.0,-0.5,0,2026-05-02
me,2026-05-02,0.0,0.0,-1.0,0,2026-05-09
me,2026-05-09,3.0,3.0,,0,2026-05-16
me,2026-05-16,1.0,1.0,-0.6666666666666666,0,2026-05-23
me,2026-05-23,0.0,0.0,-1.0,0,2026-05-30
me,2026-05-30,0.0,0.0,,0,2026-06-06
me,2026-06-06,2.0,2.0,,0,2026-06-13
me,2026-06-13,0.0,0.0,-1.0,0,2026-06-20
me,2026-06-20,0.0,0.0,,0,2026-06-27
me,2026-06-27,0.0,0.0,,0,2026-07-04
mi,2022-01-01,3687.0,3687.0,0.1986345903771131,1,2022-01-08
mi,2022-01-08,3767.0,3767.0,0.021697857336588,0,2022-01-15
mi,2022-01-15,3328.0,3328.0,-0.1165383594372179,0,2022-01-22
mi,2022-01-22,2715.0,2715.0,-0.1841947115384615,0,2022-01-29
mi,2022-01-29,2309.0,2309.0,-0.1495395948434622,0,2022-02-05
mi,2022-02-05,1862.0,1862.0,-0.1935902988306626,0,2022-02-12
mi,2022-02-12,1301.0,1301.0,-0.3012889366272825,0,2022-02-19
mi,2022-02-19,969.0,969.0,-0.2551883166794773,0,2022-02-26
mi,2022-02-26,709.0,709.0,-0.2683178534571723,0,2022-03-05
mi,2022-03-05,572.0,572.0,-0.1932299012693935,0,2022-03-12
mi,2022-03-12,417.0,417.0,-0.270979020979021,0,2022-03-19
mi,2022-03-19,388.0,388.0,-0.0695443645083932,0,2022-03-26
mi,2022-03-26,298.0,298.0,-0.2319587628865979,0,2022-04-02
mi,2022-04-02,347.0,347.0,0.1644295302013423,0,2022-04-09
mi,2022-04-09,389.0,389.0,0.1210374639769452,0,2022-04-16
mi,2022-04-16,460.0,460.0,0.1825192802056555,0,2022-04-23
mi,2022-04-23,685.0,685.0,0.4891304347826087,1,2022-04-30
mi,2022-04-30,792.0,792.0,0.1562043795620438,1,2022-05-07
mi,2022-05-07,919.0,919.0,0.1603535353535353,1,2022-05-14
mi,2022-05-14,999.0,999.0,0.0870511425462459,0,2022-05-21
mi,2022-05-21,942.0,942.0,-0.057057057057057,0,2022-05-28
mi,2022-05-28,873.0,873.0,-0.0732484076433121,0,2022-06-04
mi,2022-06-04,761.0,761.0,-0.1282932416953035,0,2022-06-11
mi,2022-06-11,777.0,777.0,0.0210249671484888,0,2022-06-18
mi,2022-06-18,654.0,654.0,-0.1583011583011583,0,2022-06-25
mi,2022-06-25,653.0,653.0,-0.0015290519877675,0,2022-07-02
mi,2022-07-02,724.0,724.0,0.1087289433384379,1,2022-07-09
mi,2022-07-09,761.0,761.0,0.0511049723756906,0,2022-07-16
mi,2022-07-16,873.0,873.0,0.1471747700394218,1,2022-07-23
mi,2022-07-23,878.0,878.0,0.0057273768613974,0,2022-07-30
mi,2022-07-30,1010.0,1010.0,0.1503416856492027,1,2022-08-06
mi,2022-08-13,1036.0,1036.0,0.0058252427184466,0,2022-08-20
mi,2022-08-20,1042.0,1042.0,0.0057915057915057,0,2022-08-27
mi,2022-08-27,1054.0,1054.0,0.0115163147792706,0,2022-09-03
mi,2022-09-03,1054.0,1054.0,0.0,0,2022-09-10
mi,2022-09-10,1013.0,1013.0,-0.0388994307400379,0,2022-09-17
mi,2022-09-17,985.0,985.0,-0.0276406712734452,0,2022-09-24
mi,2022-09-24,916.0,916.0,-0.0700507614213198,0,2022-10-01
mi,2022-10-01,991.0,991.0,0.0818777292576419,0,2022-10-08
mi,2022-10-08,945.0,945.0,-0.0464177598385469,0,2022-10-15
mi,2022-10-15,947.0,947.0,0.0021164021164021,0,2022-10-22
mi,2022-10-22,982.0,982.0,0.0369588173178458,0,2022-10-29
mi,2022-10-29,933.0,933.0,-0.0498981670061099,0,2022-11-05
mi,2022-11-05,812.0,812.0,-0.1296891747052518,0,2022-11-12
mi,2022-11-12,802.0,802.0,-0.0123152709359605,0,2022-11-19
mi,2022-11-19,793.0,793.0,-0.0112219451371571,0,2022-11-26
mi,2022-11-26,871.0,871.0,0.0983606557377049,0,2022-12-03
mi,2022-12-03,998.0,998.0,0.1458094144661308,1,2022-12-10
mi,2022-12-10,1157.0,1157.0,0.1593186372745491,1,2022-12-17
mi,2022-12-17,1180.0,1180.0,0.0198789974070872,0,2022-12-24
mi,2022-12-24,1184.0,1184.0,0.0033898305084745,0,2022-12-31
mi,2022-12-31,1119.0,1119.0,-0.0548986486486486,0,2023-01-07
mi,2023-01-07,913.0,913.0,-0.1840929401251117,0,2023-01-14
mi,2023-01-14,690.0,690.0,-0.244249726177437,0,2023-01-21
mi,2023-01-21,651.0,651.0,-0.0565217391304347,0,2023-01-28
mi,2023-01-28,611.0,611.0,-0.0614439324116743,0,2023-02-04
mi,2023-02-04,641.0,641.0,0.0490998363338788,0,2023-02-11
mi,2023-02-11,668.0,668.0,0.0421216848673947,0,2023-02-18
mi,2023-02-18,698.0,698.0,0.0449101796407185,0,2023-02-25
mi,2023-03-04,673.0,673.0,-0.0780821917808219,0,2023-03-11
mi,2023-03-11,701.0,701.0,0.0416047548291233,0,2023-03-18
mi,2023-03-18,744.0,744.0,0.0613409415121255,0,2023-03-25
mi,2023-03-25,686.0,686.0,-0.0779569892473118,0,2023-04-01
mi,2023-04-01,593.0,593.0,-0.1355685131195335,0,2023-04-08
mi,2023-04-08,510.0,510.0,-0.1399662731871838,0,2023-04-15
mi,2023-04-15,467.0,467.0,-0.084313725490196,0,2023-04-22
mi,2023-04-22,365.0,365.0,-0.2184154175588865,0,2023-04-29
mi,2023-04-29,344.0,344.0,-0.0575342465753424,0,2023-05-06
mi,2023-05-06,606.0,606.0,0.7616279069767442,1,2023-05-13
mi,2023-05-13,263.0,263.0,-0.566006600660066,0,2023-05-20
mi,2023-05-20,230.0,230.0,-0.1254752851711026,0,2023-05-27
mi,2023-05-27,216.0,216.0,-0.0608695652173913,0,2023-06-03
mi,2023-06-03,166.0,166.0,-0.2314814814814814,0,2023-06-10
mi,2023-06-10,173.0,173.0,0.0421686746987951,0,2023-06-17
mi,2023-06-17,170.0,170.0,-0.0173410404624277,0,2023-06-24
mi,2023-06-24,156.0,156.0,-0.0823529411764705,0,2023-07-01
mi,2023-07-01,121.0,121.0,-0.2243589743589743,0,2023-07-08
mi,2023-07-08,104.0,104.0,-0.140495867768595,0,2023-07-15
mi,2023-07-15,97.0,97.0,-0.0673076923076923,0,2023-07-22
mi,2023-07-22,104.0,104.0,0.0721649484536082,0,2023-07-29
mi,2023-07-29,128.0,128.0,0.2307692307692307,0,2023-08-05
mi,2023-08-05,200.0,200.0,0.5625,0,2023-08-12
mi,2023-08-12,273.0,273.0,0.365,0,2023-08-19
mi,2023-08-19,324.0,324.0,0.1868131868131868,0,2023-08-26
mi,2023-08-26,352.0,352.0,0.0864197530864197,0,2023-09-02
mi,2023-09-02,423.0,423.0,0.2017045454545454,0,2023-09-09
mi,2023-09-09,486.0,486.0,0.1489361702127659,0,2023-09-16
mi,2023-09-16,569.0,569.0,0.1707818930041152,1,2023-09-23
mi,2023-09-23,569.0,569.0,0.0,0,2023-09-30
mi,2023-09-30,524.0,524.0,-0.0790861159929701,0,2023-10-07
mi,2023-10-07,475.0,475.0,-0.0935114503816793,0,2023-10-14
mi,2023-10-14,491.0,491.0,0.0336842105263157,0,2023-10-21
mi,2023-10-21,535.0,535.0,0.0896130346232179,0,2023-10-28
mi,2023-10-28,475.0,475.0,-0.1121495327102803,0,2023-11-04
mi,2023-11-04,549.0,549.0,0.1557894736842105,0,2023-11-11
mi,2023-11-11,661.0,661.0,0.2040072859744991,1,2023-11-18
mi,2023-11-18,809.0,809.0,0.2239031770045385,1,2023-11-25
mi,2023-11-25,1067.0,1067.0,0.3189122373300371,1,2023-12-02
mi,2023-12-02,1032.0,1032.0,-0.0328022492970946,0,2023-12-09
mi,2023-12-09,998.0,998.0,-0.0329457364341085,0,2023-12-16
mi,2023-12-16,1141.0,1141.0,0.1432865731462926,1,2023-12-23
mi,2023-12-23,1352.0,1352.0,0.1849255039439088,1,2023-12-30
mi,2023-12-30,1297.0,1297.0,-0.040680473372781,0,2024-01-06
mi,2024-01-06,1100.0,1100.0,-0.1518889745566692,0,2024-01-13
mi,2024-01-13,761.0,761.0,-0.3081818181818181,0,2024-01-20
mi,2024-01-20,653.0,653.0,-0.1419185282522996,0,2024-01-27
mi,2024-01-27,642.0,642.0,-0.0168453292496171,0,2024-02-03
mi,2024-02-03,608.0,608.0,-0.0529595015576324,0,2024-02-10
mi,2024-02-10,559.0,559.0,-0.0805921052631579,0,2024-02-17
mi,2024-02-17,558.0,558.0,-0.0017889087656529,0,2024-02-24
mi,2024-02-24,540.0,540.0,-0.032258064516129,0,2024-03-02
mi,2024-03-02,479.0,479.0,-0.1129629629629629,0,2024-03-09
mi,2024-03-09,395.0,395.0,-0.1753653444676409,0,2024-03-16
mi,2024-03-16,320.0,320.0,-0.189873417721519,0,2024-03-23
mi,2024-03-23,269.0,269.0,-0.159375,0,2024-03-30
mi,2024-03-30,265.0,265.0,-0.0148698884758364,0,2024-04-06
mi,2024-04-06,224.0,224.0,-0.1547169811320754,0,2024-04-13
mi,2024-04-13,194.0,194.0,-0.1339285714285714,0,2024-04-20
mi,2024-04-20,137.0,137.0,-0.2938144329896907,0,2024-04-27
mi,2024-10-26,164.0,164.0,,0,2024-11-02
mi,2024-11-02,614.0,614.0,2.7439024390243905,1,2024-11-09
mi,2024-11-09,638.0,638.0,0.0390879478827361,0,2024-11-16
mi,2024-11-16,494.0,494.0,-0.225705329153605,0,2024-11-23
mi,2024-11-23,603.0,603.0,0.2206477732793522,1,2024-11-30
mi,2024-11-30,591.0,591.0,-0.0199004975124378,0,2024-12-07
mi,2024-12-07,705.0,705.0,0.1928934010152284,1,2024-12-14
mn,2022-04-23,299.0,299.0,0.2616033755274262,1,2022-04-30
mn,2022-04-30,359.0,359.0,0.2006688963210702,1,2022-05-07
mn,2022-05-07,440.0,440.0,0.2256267409470752,1,2022-05-14
mn,2022-05-14,475.0,475.0,0.0795454545454545,0,2022-05-21
mn,2022-05-21,448.0,448.0,-0.0568421052631578,0,2022-05-28
mn,2022-06-04,461.0,461.0,-0.0149572649572649,0,2022-06-11
mn,2022-06-11,414.0,414.0,-0.1019522776572668,0,2022-06-18
mn,2022-06-18,439.0,439.0,0.0603864734299516,0,2022-06-25
mn,2022-06-25,405.0,405.0,-0.0774487471526196,0,2022-07-02
mn,2022-07-02,423.0,423.0,0.0444444444444444,0,2022-07-09
mn,2022-07-30,518.0,518.0,0.0593047034764826,0,2022-08-06
mn,2022-09-10,468.0,468.0,0.0758620689655172,0,2022-09-17
mn,2022-09-24,434.0,434.0,-0.0269058295964125,0,2022-10-01
mn,2022-10-01,466.0,466.0,0.0737327188940092,0,2022-10-08
mn,2022-10-08,392.0,392.0,-0.1587982832618025,0,2022-10-15
mn,2022-10-15,493.0,493.0,0.2576530612244898,1,2022-10-22
mn,2023-01-21,413.0,413.0,0.0897097625329815,0,2023-01-28
mn,2023-02-25,363.0,363.0,0.0552325581395348,0,2023-03-04
mn,2023-03-04,341.0,341.0,-0.0606060606060606,0,2023-03-11
mn,2023-03-18,246.0,246.0,-0.0716981132075471,0,2023-03-25
mn,2023-03-25,260.0,260.0,0.056910569105691,0,2023-04-01
mn,2023-04-01,219.0,219.0,-0.1576923076923077,0,2023-04-08
mn,2023-04-08,201.0,201.0,-0.0821917808219178,0,2023-04-15
mn,2023-04-15,165.0,165.0,-0.1791044776119403,0,2023-04-22
mn,2023-04-22,134.0,134.0,-0.1878787878787878,0,2023-04-29
mn,2023-04-29,132.0,132.0,-0.0149253731343283,0,2023-05-06
mn,2023-05-06,155.0,155.0,0.1742424242424242,0,2023-05-13
mn,2023-05-13,80.0,80.0,-0.4838709677419355,0,2023-05-20
mn,2023-05-20,81.0,81.0,0.0125,0,2023-05-27
mn,2023-05-27,65.0,65.0,-0.1975308641975308,0,2023-06-03
mn,2023-06-03,43.0,43.0,-0.3384615384615385,0,2023-06-10
mn,2023-06-10,42.0,42.0,-0.0232558139534883,0,2023-06-17
mn,2023-06-17,48.0,48.0,0.1428571428571428,0,2023-06-24
mn,2023-06-24,35.0,35.0,-0.2708333333333333,0,2023-07-01
mn,2023-07-01,49.0,49.0,0.4,0,2023-07-08
mn,2023-07-08,52.0,52.0,0.0612244897959183,0,2023-07-15
mn,2023-07-15,77.0,77.0,0.4807692307692308,0,2023-07-22
mn,2023-07-22,60.0,60.0,-0.2207792207792207,0,2023-07-29
mn,2023-07-29,77.0,77.0,0.2833333333333333,0,2023-08-05
mn,2023-08-05,103.0,103.0,0.3376623376623376,0,2023-08-12
mn,2023-08-12,116.0,116.0,0.1262135922330097,0,2023-08-19
mn,2023-08-19,175.0,175.0,0.5086206896551724,1,2023-08-26
mn,2023-08-26,170.0,170.0,-0.0285714285714285,0,2023-09-02
mn,2023-09-02,169.0,169.0,-0.0058823529411764,0,2023-09-09
mn,2023-09-09,203.0,203.0,0.2011834319526627,1,2023-09-16
mn,2023-09-16,253.0,253.0,0.2463054187192118,1,2023-09-23
mn,2023-09-23,259.0,259.0,0.0237154150197628,0,2023-09-30
mn,2023-09-30,258.0,258.0,-0.0038610038610038,0,2023-10-07
mn,2023-10-07,274.0,274.0,0.0620155038759689,0,2023-10-14
mn,2023-10-14,284.0,284.0,0.0364963503649635,0,2023-10-21
mn,2023-10-21,266.0,266.0,-0.0633802816901408,0,2023-10-28
mn,2023-10-28,215.0,215.0,-0.1917293233082706,0,2023-11-04
mn,2023-11-04,293.0,293.0,0.3627906976744186,1,2023-11-11
mn,2023-11-11,383.0,383.0,0.3071672354948805,1,2023-11-18
mn,2023-11-18,349.0,349.0,-0.0887728459530026,0,2023-11-25
mn,2023-11-25,445.0,445.0,0.2750716332378223,1,2023-12-02
mn,2023-12-02,449.0,449.0,0.0089887640449438,0,2023-12-09
mn,2023-12-23,591.0,591.0,0.1172022684310018,1,2023-12-30
mn,2023-12-30,547.0,547.0,-0.0744500846023688,0,2024-01-06
mn,2024-01-13,341.0,341.0,-0.2866108786610878,0,2024-01-20
mn,2024-01-20,302.0,302.0,-0.1143695014662756,0,2024-01-27
mn,2024-01-27,266.0,266.0,-0.119205298013245,0,2024-02-03
mn,2024-02-03,213.0,213.0,-0.1992481203007518,0,2024-02-10
mn,2024-02-10,240.0,240.0,0.1267605633802817,1,2024-02-17
mn,2024-02-17,195.0,195.0,-0.1875,0,2024-02-24
mn,2024-03-02,165.0,165.0,-0.0350877192982456,0,2024-03-09
mn,2024-03-09,127.0,127.0,-0.2303030303030303,0,2024-03-16
mn,2024-03-16,121.0,121.0,-0.0472440944881889,0,2024-03-23
mn,2024-03-23,106.0,106.0,-0.1239669421487603,0,2024-03-30
mn,2024-03-30,94.0,94.0,-0.1132075471698113,0,2024-04-06
mn,2024-04-06,87.0,87.0,-0.0744680851063829,0,2024-04-13
mn,2024-04-13,61.0,61.0,-0.2988505747126437,0,2024-04-20
mn,2024-04-20,59.0,59.0,-0.0327868852459016,0,2024-04-27
mn,2024-10-26,133.0,133.0,,0,2024-11-02
mn,2024-11-02,120.0,120.0,-0.0977443609022556,0,2024-11-09
mn,2024-11-09,101.0,101.0,-0.1583333333333333,0,2024-11-16
mn,2024-11-16,141.0,141.0,0.396039603960396,0,2024-11-23
mn,2024-11-23,134.0,134.0,-0.0496453900709219,0,2024-11-30
mn,2024-11-30,191.0,191.0,0.4253731343283582,1,2024-12-07
mn,2024-12-07,221.0,221.0,0.1570680628272251,1,2024-12-14
mn,2024-12-14,258.0,258.0,0.167420814479638,1,2024-12-21
mn,2024-12-21,354.0,354.0,0.3720930232558139,1,2024-12-28
mn,2025-01-25,216.0,216.0,-0.2087912087912088,0,2025-02-01
mn,2025-02-01,193.0,193.0,-0.1064814814814814,0,2025-02-08
mn,2025-02-08,161.0,161.0,-0.1658031088082901,0,2025-02-15
mn,2025-02-22,121.0,121.0,-0.1418439716312056,0,2025-03-01
mn,2025-03-01,120.0,120.0,-0.0082644628099173,0,2025-03-08
mn,2025-03-08,121.0,121.0,0.0083333333333333,0,2025-03-15
mn,2025-03-15,81.0,81.0,-0.3305785123966942,0,2025-03-22
mn,2025-03-22,92.0,92.0,0.1358024691358024,0,2025-03-29
mn,2025-03-29,89.0,89.0,-0.0326086956521739,0,2025-04-05
mn,2025-04-05,107.0,107.0,0.2022471910112359,0,2025-04-12
mn,2025-04-12,93.0,93.0,-0.1308411214953271,0,2025-04-19
mn,2025-04-19,69.0,69.0,-0.2580645161290322,0,2025-04-26
mn,2025-04-26,64.0,64.0,-0.072463768115942,0,2025-05-03
mn,2025-05-03,80.0,80.0,0.25,0,2025-05-10
mn,2025-05-10,59.0,59.0,-0.2625,0,2025-05-17
mn,2025-05-17,45.0,45.0,-0.2372881355932203,0,2025-05-24
mn,2025-05-24,50.0,50.0,0.1111111111111111,0,2025-05-31
mn,2025-05-31,40.0,40.0,-0.2,0,2025-06-07
mn,2025-06-07,20.0,20.0,-0.5,0,2025-06-14
mn,2025-06-14,29.0,29.0,0.45,0,2025-06-21
mn,2025-06-21,32.0,32.0,0.1034482758620689,0,2025-06-28
mn,2025-06-28,44.0,44.0,0.375,0,2025-07-05
mn,2025-07-05,22.0,22.0,-0.5,0,2025-07-12
mn,2025-07-12,37.0,37.0,0.6818181818181818,0,2025-07-19
mn,2025-07-19,39.0,39.0,0.054054054054054,0,2025-07-26
mn,2025-07-26,41.0,41.0,0.0512820512820512,0,2025-08-02
mn,2025-08-02,51.0,51.0,0.2439024390243902,0,2025-08-09
mn,2025-08-09,57.0,57.0,0.1176470588235294,0,2025-08-16
mn,2025-08-16,86.0,86.0,0.5087719298245614,0,2025-08-23
mn,2025-08-23,82.0,82.0,-0.0465116279069767,0,2025-08-30
mn,2025-08-30,106.0,106.0,0.2926829268292683,0,2025-09-06
mn,2025-09-06,117.0,117.0,0.1037735849056603,0,2025-09-13
mn,2025-09-13,112.0,112.0,-0.0427350427350427,0,2025-09-20
mn,2025-09-20,100.0,100.0,-0.1071428571428571,0,2025-09-27
mn,2025-09-27,81.0,81.0,-0.19,0,2025-10-04
mn,2025-10-04,56.0,56.0,-0.3086419753086419,0,2025-10-11
mn,2025-10-11,59.0,59.0,0.0535714285714285,0,2025-10-18
mn,2025-10-18,43.0,43.0,-0.2711864406779661,0,2025-10-25
mn,2025-10-25,42.0,42.0,-0.0232558139534883,0,2025-11-01
mn,2025-11-01,34.0,34.0,-0.1904761904761904,0,2025-11-08
mn,2025-11-08,44.0,44.0,0.2941176470588235,0,2025-11-15
mn,2025-11-15,43.0,43.0,-0.0227272727272727,0,2025-11-22
mn,2025-11-22,67.0,67.0,0.5581395348837209,0,2025-11-29
mn,2025-11-29,79.0,79.0,0.1791044776119403,0,2025-12-06
mn,2025-12-06,98.0,98.0,0.240506329113924,0,2025-12-13
mn,2025-12-13,115.0,115.0,0.173469387755102,0,2025-12-20
mn,2025-12-27,205.0,205.0,0.2349397590361445,1,2026-01-03
mn,2026-01-10,166.0,166.0,0.0121951219512195,0,2026-01-17
mn,2026-01-17,128.0,128.0,-0.2289156626506024,0,2026-01-24
mn,2026-01-24,113.0,113.0,-0.1171875,0,2026-01-31
mn,2026-01-31,141.0,141.0,0.247787610619469,0,2026-02-07
mn,2026-02-07,115.0,115.0,-0.1843971631205673,0,2026-02-14
mn,2026-02-14,127.0,127.0,0.1043478260869565,0,2026-02-21
mn,2026-02-21,100.0,100.0,-0.2125984251968504,0,2026-02-28
mn,2026-02-28,104.0,104.0,0.04,0,2026-03-07
mn,2026-03-07,101.0,101.0,-0.0288461538461538,0,2026-03-14
mn,2026-03-14,90.0,90.0,-0.1089108910891089,0,2026-03-21
mn,2026-03-21,25.0,25.0,-0.7222222222222222,0,2026-03-28
mn,2026-03-28,31.0,31.0,0.24,0,2026-04-04
mn,2026-04-04,30.0,30.0,-0.032258064516129,0,2026-04-11
mn,2026-04-11,19.0,19.0,-0.3666666666666666,0,2026-04-18
mn,2026-04-18,35.0,35.0,0.8421052631578947,0,2026-04-25
mn,2026-04-25,24.0,24.0,-0.3142857142857143,0,2026-05-02
mn,2026-05-02,24.0,24.0,0.0,0,2026-05-09
mn,2026-05-09,22.0,22.0,-0.0833333333333333,0,2026-05-16
mn,2026-05-16,15.0,15.0,-0.3181818181818182,0,2026-05-23
mn,2026-05-23,7.0,7.0,-0.5333333333333333,0,2026-05-30
mn,2026-05-30,4.0,4.0,-0.4285714285714285,0,2026-06-06
mn,2026-06-06,8.0,8.0,1.0,0,2026-06-13
mn,2026-06-13,5.0,5.0,-0.375,0,2026-06-20
mn,2026-06-20,8.0,8.0,0.6,0,2026-06-27
mn,2026-06-27,4.0,4.0,-0.5,0,2026-07-04
mo,2022-01-22,2720.0,2720.0,-0.0760869565217391,0,2022-01-29
mo,2022-03-05,368.0,368.0,-0.2854368932038835,0,2022-03-12
mo,2022-03-12,286.0,286.0,-0.2228260869565217,0,2022-03-19
mo,2022-03-19,262.0,262.0,-0.0839160839160839,0,2022-03-26
mo,2022-03-26,213.0,213.0,-0.1870229007633587,0,2022-04-02
mo,2022-04-02,177.0,177.0,-0.1690140845070422,0,2022-04-09
mo,2022-04-09,160.0,160.0,-0.096045197740113,0,2022-04-16
mo,2022-04-16,211.0,211.0,0.31875,0,2022-04-23
mo,2022-04-23,177.0,177.0,-0.1611374407582938,0,2022-04-30
mo,2022-04-30,231.0,231.0,0.3050847457627119,0,2022-05-07
mo,2022-05-07,279.0,279.0,0.2077922077922078,0,2022-05-14
mo,2022-05-14,346.0,346.0,0.2401433691756272,0,2022-05-21
mo,2022-05-21,359.0,359.0,0.0375722543352601,0,2022-05-28
mo,2022-05-28,491.0,491.0,0.3676880222841225,1,2022-06-04
mo,2022-06-04,569.0,569.0,0.1588594704684317,1,2022-06-11
mo,2022-10-01,487.0,487.0,-0.1660958904109589,0,2022-10-08
mo,2022-10-08,532.0,532.0,0.0924024640657084,0,2022-10-15
mo,2022-10-15,510.0,510.0,-0.0413533834586466,0,2022-10-22
mo,2022-10-22,526.0,526.0,0.0313725490196078,0,2022-10-29
mo,2022-10-29,551.0,551.0,0.0475285171102661,0,2022-11-05
mo,2022-11-12,521.0,521.0,0.0296442687747035,0,2022-11-19
mo,2022-11-19,606.0,606.0,0.1631477927063339,1,2022-11-26
mo,2022-11-26,774.0,774.0,0.2772277227722772,1,2022-12-03
mo,2023-01-07,757.0,757.0,-0.0988095238095238,0,2023-01-14
mo,2023-01-14,582.0,582.0,-0.2311756935270806,0,2023-01-21
mo,2023-01-21,484.0,484.0,-0.1683848797250859,0,2023-01-28
mo,2023-01-28,511.0,511.0,0.0557851239669421,0,2023-02-04
mo,2023-02-04,468.0,468.0,-0.0841487279843444,0,2023-02-11
mo,2023-02-11,497.0,497.0,0.0619658119658119,0,2023-02-18
mo,2023-02-25,488.0,488.0,-0.008130081300813,0,2023-03-04
mo,2023-03-04,467.0,467.0,-0.0430327868852459,0,2023-03-11
mo,2023-03-11,445.0,445.0,-0.0471092077087794,0,2023-03-18
mo,2023-04-08,288.0,288.0,-0.2131147540983606,0,2023-04-15
mo,2023-04-15,275.0,275.0,-0.0451388888888888,0,2023-04-22
mo,2023-04-22,203.0,203.0,-0.2618181818181818,0,2023-04-29
mo,2023-04-29,201.0,201.0,-0.0098522167487684,0,2023-05-06
mo,2023-05-06,189.0,189.0,-0.0597014925373134,0,2023-05-13
mo,2023-05-13,140.0,140.0,-0.2592592592592592,0,2023-05-20
mo,2023-05-20,114.0,114.0,-0.1857142857142857,0,2023-05-27
mo,2023-05-27,116.0,116.0,0.0175438596491228,0,2023-06-03
mo,2023-06-03,97.0,97.0,-0.1637931034482758,0,2023-06-10
mo,2023-06-10,80.0,80.0,-0.1752577319587628,0,2023-06-17
mo,2023-06-17,91.0,91.0,0.1375,0,2023-06-24
mo,2023-06-24,75.0,75.0,-0.1758241758241758,0,2023-07-01
mo,2023-07-01,112.0,112.0,0.4933333333333333,0,2023-07-08
mo,2023-07-08,99.0,99.0,-0.1160714285714285,0,2023-07-15
mo,2023-07-22,120.0,120.0,0.2,0,2023-07-29
mo,2023-07-29,127.0,127.0,0.0583333333333333,0,2023-08-05
mo,2023-08-05,187.0,187.0,0.4724409448818897,0,2023-08-12
mo,2023-08-12,257.0,257.0,0.374331550802139,0,2023-08-19
mo,2023-08-19,309.0,309.0,0.2023346303501945,0,2023-08-26
mo,2023-08-26,365.0,365.0,0.1812297734627831,0,2023-09-02
mo,2023-09-16,433.0,433.0,-0.0441501103752759,0,2023-09-23
mo,2023-10-07,336.0,336.0,0.0980392156862745,0,2023-10-14
mo,2023-10-21,367.0,367.0,0.1433021806853582,0,2023-10-28
mo,2023-11-11,487.0,487.0,0.1706730769230769,1,2023-11-18
mo,2023-11-25,691.0,691.0,0.3111954459203036,1,2023-12-02
mo,2023-12-02,723.0,723.0,0.0463096960926193,0,2023-12-09
mo,2023-12-16,798.0,798.0,0.0697050938337801,0,2023-12-23
mo,2024-01-20,493.0,493.0,-0.1289752650176678,0,2024-01-27
mo,2024-01-27,441.0,441.0,-0.1054766734279918,0,2024-02-03
mo,2024-02-03,472.0,472.0,0.0702947845804988,0,2024-02-10
mo,2024-03-02,372.0,372.0,-0.0653266331658291,0,2024-03-09
mo,2024-03-09,269.0,269.0,-0.2768817204301075,0,2024-03-16
mo,2024-03-23,170.0,170.0,-0.3032786885245901,0,2024-03-30
mo,2024-03-30,158.0,158.0,-0.0705882352941176,0,2024-04-06
mo,2024-04-06,144.0,144.0,-0.0886075949367088,0,2024-04-13
mo,2024-04-13,131.0,131.0,-0.0902777777777777,0,2024-04-20
mo,2024-04-20,115.0,115.0,-0.1221374045801526,0,2024-04-27
mo,2024-10-26,51.0,51.0,,0,2024-11-02
mo,2024-11-02,153.0,153.0,2.0,0,2024-11-09
mo,2024-11-09,153.0,153.0,0.0,0,2024-11-16
mo,2024-11-16,179.0,179.0,0.1699346405228758,0,2024-11-23
mo,2024-11-23,168.0,168.0,-0.0614525139664804,0,2024-11-30
mo,2024-11-30,195.0,195.0,0.1607142857142857,0,2024-12-07
mo,2024-12-07,247.0,247.0,0.2666666666666666,0,2024-12-14
mo,2024-12-14,262.0,262.0,0.0607287449392712,0,2024-12-21
mo,2024-12-21,397.0,397.0,0.5152671755725191,0,2024-12-28
mo,2024-12-28,483.0,483.0,0.216624685138539,1,2025-01-04
mo,2025-01-04,388.0,388.0,-0.196687370600414,0,2025-01-11
mo,2025-01-11,286.0,286.0,-0.2628865979381443,0,2025-01-18
mo,2025-01-18,279.0,279.0,-0.0244755244755244,0,2025-01-25
mo,2025-01-25,278.0,278.0,-0.003584229390681,0,2025-02-01
mo,2025-02-01,329.0,329.0,0.1834532374100719,0,2025-02-08
mo,2025-02-08,313.0,313.0,-0.0486322188449848,0,2025-02-15
mo,2025-02-15,279.0,279.0,-0.108626198083067,0,2025-02-22
mo,2025-02-22,190.0,190.0,-0.3189964157706093,0,2025-03-01
mo,2025-03-01,205.0,205.0,0.0789473684210526,0,2025-03-08
mo,2025-03-08,189.0,189.0,-0.0780487804878048,0,2025-03-15
mo,2025-03-15,188.0,188.0,-0.0052910052910052,0,2025-03-22
mo,2025-03-22,133.0,133.0,-0.2925531914893617,0,2025-03-29
mo,2025-03-29,117.0,117.0,-0.1203007518796992,0,2025-04-05
mo,2025-04-05,89.0,89.0,-0.2393162393162393,0,2025-04-12
mo,2025-04-12,92.0,92.0,0.0337078651685393,0,2025-04-19
mo,2025-04-19,67.0,67.0,-0.2717391304347826,0,2025-04-26
mo,2025-04-26,61.0,61.0,-0.0895522388059701,0,2025-05-03
mo,2025-05-03,54.0,54.0,-0.1147540983606557,0,2025-05-10
mo,2025-05-10,44.0,44.0,-0.1851851851851851,0,2025-05-17
mo,2025-05-17,43.0,43.0,-0.0227272727272727,0,2025-05-24
mo,2025-05-24,45.0,45.0,0.0465116279069767,0,2025-05-31
mo,2025-05-31,39.0,39.0,-0.1333333333333333,0,2025-06-07
mo,2025-06-07,43.0,43.0,0.1025641025641025,0,2025-06-14
mo,2025-06-14,44.0,44.0,0.0232558139534883,0,2025-06-21
mo,2025-06-21,39.0,39.0,-0.1136363636363636,0,2025-06-28
mo,2025-06-28,36.0,36.0,-0.0769230769230769,0,2025-07-05
mo,2025-07-05,37.0,37.0,0.0277777777777777,0,2025-07-12
mo,2025-07-12,38.0,38.0,0.027027027027027,0,2025-07-19
mo,2025-07-19,51.0,51.0,0.3421052631578947,0,2025-07-26
mo,2025-07-26,53.0,53.0,0.0392156862745098,0,2025-08-02
mo,2025-08-02,75.0,75.0,0.4150943396226415,0,2025-08-09
mo,2025-08-09,71.0,71.0,-0.0533333333333333,0,2025-08-16
mo,2025-08-16,59.0,59.0,-0.1690140845070422,0,2025-08-23
mo,2025-08-23,93.0,93.0,0.576271186440678,0,2025-08-30
mo,2025-08-30,90.0,90.0,-0.032258064516129,0,2025-09-06
mo,2025-09-06,129.0,129.0,0.4333333333333333,0,2025-09-13
mo,2025-09-13,101.0,101.0,-0.2170542635658914,0,2025-09-20
mo,2025-09-20,89.0,89.0,-0.1188118811881188,0,2025-09-27
mo,2025-09-27,83.0,83.0,-0.0674157303370786,0,2025-10-04
mo,2025-10-04,77.0,77.0,-0.072289156626506,0,2025-10-11
mo,2025-10-11,69.0,69.0,-0.1038961038961039,0,2025-10-18
mo,2025-10-18,49.0,49.0,-0.2898550724637681,0,2025-10-25
mo,2025-10-25,61.0,61.0,0.2448979591836734,0,2025-11-01
mo,2025-11-01,81.0,81.0,0.3278688524590163,0,2025-11-08
mo,2025-11-08,83.0,83.0,0.0246913580246913,0,2025-11-15
mo,2025-11-15,75.0,75.0,-0.0963855421686747,0,2025-11-22
mo,2025-11-22,77.0,77.0,0.0266666666666666,0,2025-11-29
mo,2025-11-29,108.0,108.0,0.4025974025974026,0,2025-12-06
mo,2025-12-06,112.0,112.0,0.037037037037037,0,2025-12-13
mo,2025-12-13,171.0,171.0,0.5267857142857143,0,2025-12-20
mo,2025-12-20,273.0,273.0,0.5964912280701754,0,2025-12-27
mo,2025-12-27,292.0,292.0,0.0695970695970696,0,2026-01-03
mo,2026-01-10,259.0,259.0,0.2046511627906976,0,2026-01-17
mo,2026-01-17,224.0,224.0,-0.1351351351351351,0,2026-01-24
mo,2026-01-24,213.0,213.0,-0.0491071428571428,0,2026-01-31
mo,2026-01-31,174.0,174.0,-0.1830985915492957,0,2026-02-07
mo,2026-02-07,177.0,177.0,0.0172413793103448,0,2026-02-14
mo,2026-02-28,107.0,107.0,0.0094339622641509,0,2026-03-07
mo,2026-03-07,76.0,76.0,-0.2897196261682243,0,2026-03-14
mo,2026-03-14,65.0,65.0,-0.1447368421052631,0,2026-03-21
mo,2026-04-04,36.0,36.0,-0.1,0,2026-04-11
mo,2026-04-11,22.0,22.0,-0.3888888888888889,0,2026-04-18
mo,2026-04-18,25.0,25.0,0.1363636363636363,0,2026-04-25
mo,2026-04-25,22.0,22.0,-0.12,0,2026-05-02
mo,2026-05-02,17.0,17.0,-0.2272727272727272,0,2026-05-09
mo,2026-05-09,14.0,14.0,-0.1764705882352941,0,2026-05-16
mo,2026-05-16,9.0,9.0,-0.3571428571428571,0,2026-05-23
mo,2026-05-23,6.0,6.0,-0.3333333333333333,0,2026-05-30
mo,2026-05-30,5.0,5.0,-0.1666666666666666,0,2026-06-06
mo,2026-06-06,4.0,4.0,-0.2,0,2026-06-13
mo,2026-06-13,9.0,9.0,1.25,0,2026-06-20
mo,2026-06-20,3.0,3.0,-0.6666666666666666,0,2026-06-27
mo,2026-06-27,10.0,10.0,2.3333333333333335,0,2026-07-04
ms,2025-01-18,109.0,109.0,0.0380952380952381,0,2025-01-25
ms,2025-01-25,121.0,121.0,0.110091743119266,1,2025-02-01
ms,2025-02-01,141.0,141.0,0.1652892561983471,1,2025-02-08
ms,2025-02-08,74.0,74.0,-0.475177304964539,0,2025-02-15
ms,2025-02-15,84.0,84.0,0.1351351351351351,1,2025-02-22
ms,2025-03-01,102.0,102.0,0.1208791208791208,1,2025-03-08
ms,2025-04-05,48.0,48.0,-0.3333333333333333,0,2025-04-12
ms,2025-04-12,54.0,54.0,0.125,1,2025-04-19
ms,2025-04-19,34.0,34.0,-0.3703703703703703,0,2025-04-26
ms,2025-04-26,26.0,26.0,-0.2352941176470588,0,2025-05-03
ms,2025-05-03,35.0,35.0,0.3461538461538461,0,2025-05-10
ms,2025-05-10,39.0,39.0,0.1142857142857142,0,2025-05-17
ms,2025-05-17,28.0,28.0,-0.282051282051282,0,2025-05-24
ms,2025-05-24,26.0,26.0,-0.0714285714285714,0,2025-05-31
ms,2025-05-31,29.0,29.0,0.1153846153846153,0,2025-06-07
ms,2025-06-07,23.0,23.0,-0.2068965517241379,0,2025-06-14
ms,2025-07-12,29.0,29.0,0.3181818181818182,0,2025-07-19
ms,2025-07-19,32.0,32.0,0.1034482758620689,0,2025-07-26
ms,2025-08-09,77.0,77.0,0.375,1,2025-08-16
ms,2025-08-16,68.0,68.0,-0.1168831168831168,0,2025-08-23
ms,2025-08-30,77.0,77.0,-0.0833333333333333,0,2025-09-06
ms,2025-10-04,37.0,37.0,-0.1777777777777777,0,2025-10-11
ms,2025-10-18,38.0,38.0,0.1176470588235294,0,2025-10-25
ms,2025-10-25,27.0,27.0,-0.2894736842105263,0,2025-11-01
ms,2025-11-01,26.0,26.0,-0.037037037037037,0,2025-11-08
ms,2025-11-08,36.0,36.0,0.3846153846153846,0,2025-11-15
ms,2025-11-15,29.0,29.0,-0.1944444444444444,0,2025-11-22
ms,2025-11-29,58.0,58.0,0.2608695652173913,1,2025-12-06
ms,2025-12-06,54.0,54.0,-0.0689655172413793,0,2025-12-13
ms,2025-12-13,61.0,61.0,0.1296296296296296,1,2025-12-20
ms,2025-12-20,70.0,70.0,0.1475409836065573,1,2025-12-27
ms,2025-12-27,62.0,62.0,-0.1142857142857142,0,2026-01-03
ms,2026-01-17,63.0,63.0,0.1454545454545454,1,2026-01-24
ms,2026-02-07,77.0,77.0,0.54,1,2026-02-14
ms,2026-02-14,80.0,80.0,0.0389610389610389,0,2026-02-21
ms,2026-02-21,54.0,54.0,-0.325,0,2026-02-28
ms,2026-02-28,42.0,42.0,-0.2222222222222222,0,2026-03-07
ms,2026-03-07,31.0,31.0,-0.2619047619047619,0,2026-03-14
ms,2026-04-18,19.0,19.0,-0.0952380952380952,0,2026-04-25
ms,2026-04-25,13.0,13.0,-0.3157894736842105,0,2026-05-02
ms,2026-05-02,11.0,11.0,-0.1538461538461538,0,2026-05-09
ms,2026-05-09,13.0,13.0,0.1818181818181818,0,2026-05-16
ms,2026-05-16,14.0,14.0,0.0769230769230769,0,2026-05-23
ms,2026-05-23,7.0,7.0,-0.5,0,2026-05-30
ms,2026-06-13,11.0,11.0,0.2222222222222222,0,2026-06-20
ms,2026-06-20,7.0,7.0,-0.3636363636363636,0,2026-06-27
mt,2022-03-05,76.0,76.0,-0.4722222222222222,0,2022-03-12
mt,2022-03-12,82.0,82.0,0.0789473684210526,0,2022-03-19
mt,2022-04-09,25.0,25.0,-0.7448979591836735,0,2022-04-16
mt,2022-10-22,101.0,101.0,-0.1512605042016806,0,2022-10-29
mt,2022-11-12,107.0,107.0,0.1030927835051546,1,2022-11-19
mt,2023-06-03,16.0,16.0,-0.3043478260869565,0,2023-06-10
mt,2023-06-10,18.0,18.0,0.125,0,2023-06-17
mt,2023-06-17,16.0,16.0,-0.1111111111111111,0,2023-06-24
mt,2023-06-24,22.0,22.0,0.375,0,2023-07-01
mt,2023-07-01,23.0,23.0,0.0454545454545454,0,2023-07-08
mt,2023-07-08,57.0,57.0,1.4782608695652173,0,2023-07-15
mt,2023-07-22,40.0,40.0,-0.0697674418604651,0,2023-07-29
mt,2023-07-29,41.0,41.0,0.025,0,2023-08-05
mt,2023-11-11,96.0,96.0,-0.0103092783505154,0,2023-11-18
mt,2024-02-24,46.0,46.0,0.0454545454545454,0,2024-03-02
mt,2024-03-23,27.0,27.0,-0.3076923076923077,0,2024-03-30
mt,2024-03-30,17.0,17.0,-0.3703703703703703,0,2024-04-06
mt,2024-04-06,18.0,18.0,0.0588235294117647,0,2024-04-13
mt,2024-04-20,11.0,11.0,-0.3529411764705882,0,2024-04-27
mt,2024-11-09,22.0,22.0,0.1578947368421052,0,2024-11-16
mt,2024-11-30,40.0,40.0,1.3529411764705883,0,2024-12-07
mt,2024-12-21,40.0,40.0,1.0,0,2024-12-28
mt,2025-01-04,41.0,41.0,0.0,0,2025-01-11
mt,2025-01-18,21.0,21.0,-0.4324324324324324,0,2025-01-25
mt,2025-01-25,11.0,11.0,-0.4761904761904761,0,2025-02-01
mt,2025-02-15,25.0,25.0,0.1904761904761904,0,2025-02-22
mt,2025-03-01,23.0,23.0,0.2105263157894736,0,2025-03-08
mt,2025-03-08,28.0,28.0,0.217391304347826,0,2025-03-15
mt,2025-03-15,20.0,20.0,-0.2857142857142857,0,2025-03-22
mt,2025-03-22,13.0,13.0,-0.35,0,2025-03-29
mt,2025-03-29,16.0,16.0,0.2307692307692307,0,2025-04-05
mt,2025-04-05,16.0,16.0,0.0,0,2025-04-12
mt,2025-04-12,11.0,11.0,-0.3125,0,2025-04-19
mt,2025-04-19,8.0,8.0,-0.2727272727272727,0,2025-04-26
mt,2025-04-26,9.0,9.0,0.125,0,2025-05-03
mt,2025-05-03,9.0,9.0,0.0,0,2025-05-10
mt,2025-05-10,13.0,13.0,0.4444444444444444,0,2025-05-17
mt,2025-05-17,2.0,2.0,-0.8461538461538461,0,2025-05-24
mt,2025-05-24,11.0,11.0,4.5,0,2025-05-31
mt,2025-05-31,6.0,6.0,-0.4545454545454545,0,2025-06-07
mt,2025-06-07,3.0,3.0,-0.5,0,2025-06-14
mt,2025-06-14,11.0,11.0,2.6666666666666665,0,2025-06-21
mt,2025-06-21,12.0,12.0,0.0909090909090909,0,2025-06-28
mt,2025-06-28,14.0,14.0,0.1666666666666666,0,2025-07-05
mt,2025-07-05,10.0,10.0,-0.2857142857142857,0,2025-07-12
mt,2025-07-12,9.0,9.0,-0.1,0,2025-07-19
mt,2025-07-19,6.0,6.0,-0.3333333333333333,0,2025-07-26
mt,2025-07-26,17.0,17.0,1.8333333333333333,0,2025-08-02
mt,2025-08-02,8.0,8.0,-0.5294117647058824,0,2025-08-09
mt,2025-08-09,26.0,26.0,2.25,0,2025-08-16
mt,2025-08-16,12.0,12.0,-0.5384615384615384,0,2025-08-23
mt,2025-08-23,15.0,15.0,0.25,0,2025-08-30
mt,2025-08-30,18.0,18.0,0.2,0,2025-09-06
mt,2025-09-06,22.0,22.0,0.2222222222222222,0,2025-09-13
mt,2025-09-13,24.0,24.0,0.0909090909090909,0,2025-09-20
mt,2025-09-20,27.0,27.0,0.125,0,2025-09-27
mt,2025-09-27,35.0,35.0,0.2962962962962963,0,2025-10-04
mt,2025-10-04,16.0,16.0,-0.5428571428571428,0,2025-10-11
mt,2025-10-11,14.0,14.0,-0.125,0,2025-10-18
mt,2025-10-18,14.0,14.0,0.0,0,2025-10-25
mt,2025-10-25,16.0,16.0,0.1428571428571428,0,2025-11-01
mt,2025-11-01,15.0,15.0,-0.0625,0,2025-11-08
mt,2025-11-08,13.0,13.0,-0.1333333333333333,0,2025-11-15
mt,2025-11-15,17.0,17.0,0.3076923076923077,0,2025-11-22
mt,2025-11-22,12.0,12.0,-0.2941176470588235,0,2025-11-29
mt,2025-11-29,17.0,17.0,0.4166666666666667,0,2025-12-06
mt,2025-12-06,35.0,35.0,1.0588235294117647,0,2025-12-13
mt,2025-12-13,21.0,21.0,-0.4,0,2025-12-20
mt,2025-12-20,35.0,35.0,0.6666666666666666,0,2025-12-27
mt,2025-12-27,45.0,45.0,0.2857142857142857,0,2026-01-03
mt,2026-01-17,26.0,26.0,0.1304347826086956,0,2026-01-24
mt,2026-01-24,30.0,30.0,0.1538461538461538,0,2026-01-31
mt,2026-01-31,22.0,22.0,-0.2666666666666666,0,2026-02-07
mt,2026-02-07,29.0,29.0,0.3181818181818182,0,2026-02-14
mt,2026-02-14,24.0,24.0,-0.1724137931034483,0,2026-02-21
mt,2026-02-21,20.0,20.0,-0.1666666666666666,0,2026-02-28
mt,2026-02-28,26.0,26.0,0.3,0,2026-03-07
mt,2026-03-07,12.0,12.0,-0.5384615384615384,0,2026-03-14
mt,2026-03-14,17.0,17.0,0.4166666666666667,0,2026-03-21
mt,2026-03-21,19.0,19.0,0.1176470588235294,0,2026-03-28
mt,2026-03-28,17.0,17.0,-0.1052631578947368,0,2026-04-04
mt,2026-04-04,5.0,5.0,-0.7058823529411765,0,2026-04-11
mt,2026-04-11,5.0,5.0,0.0,0,2026-04-18
mt,2026-04-18,8.0,8.0,0.6,0,2026-04-25
mt,2026-04-25,10.0,10.0,0.25,0,2026-05-02
mt,2026-05-02,11.0,11.0,0.1,0,2026-05-09
mt,2026-05-09,3.0,3.0,-0.7272727272727273,0,2026-05-16
mt,2026-05-16,0.0,0.0,-1.0,0,2026-05-23
mt,2026-05-23,16.0,16.0,,0,2026-05-30
mt,2026-05-30,1.0,1.0,-0.9375,0,2026-06-06
mt,2026-06-06,1.0,1.0,0.0,0,2026-06-13
mt,2026-06-13,0.0,0.0,-1.0,0,2026-06-20
mt,2026-06-20,9.0,9.0,,0,2026-06-27
mt,2026-06-27,3.0,3.0,-0.6666666666666666,0,2026-07-04
nc,2022-02-05,2506.0,2506.0,-0.2568208778173191,0,2022-02-12
nc,2022-02-26,835.0,835.0,-0.3351910828025478,0,2022-03-05
nc,2022-03-05,530.0,530.0,-0.3652694610778443,0,2022-03-12
nc,2022-03-12,389.0,389.0,-0.2660377358490566,0,2022-03-19
nc,2022-03-19,312.0,312.0,-0.1979434447300771,0,2022-03-26
nc,2022-03-26,280.0,280.0,-0.1025641025641025,0,2022-04-02
nc,2022-04-02,240.0,240.0,-0.1428571428571428,0,2022-04-09
nc,2022-04-09,289.0,289.0,0.2041666666666666,0,2022-04-16
nc,2022-04-16,261.0,261.0,-0.0968858131487889,0,2022-04-23
nc,2022-04-23,377.0,377.0,0.4444444444444444,0,2022-04-30
nc,2022-04-30,434.0,434.0,0.1511936339522546,0,2022-05-07
nc,2022-05-07,507.0,507.0,0.1682027649769585,1,2022-05-14
nc,2022-05-14,615.0,615.0,0.2130177514792899,1,2022-05-21
nc,2022-05-21,722.0,722.0,0.1739837398373983,1,2022-05-28
nc,2022-07-09,1058.0,1058.0,0.2036405005688282,1,2022-07-16
nc,2022-07-30,1281.0,1281.0,-0.0038880248833592,0,2022-08-06
nc,2022-08-27,992.0,992.0,-0.0915750915750915,0,2022-09-03
nc,2022-09-03,1073.0,1073.0,0.0816532258064516,0,2022-09-10
nc,2022-09-10,925.0,925.0,-0.1379310344827586,0,2022-09-17
nc,2022-09-17,917.0,917.0,-0.0086486486486486,0,2022-09-24
nc,2022-10-08,568.0,568.0,-0.1977401129943503,0,2022-10-15
nc,2022-10-22,595.0,595.0,0.0188356164383561,0,2022-10-29
nc,2022-11-12,473.0,473.0,-0.1256931608133087,0,2022-11-19
nc,2022-11-19,499.0,499.0,0.054968287526427,0,2022-11-26
nc,2022-11-26,612.0,612.0,0.2264529058116232,1,2022-12-03
nc,2023-01-14,1094.0,1094.0,-0.1811377245508982,0,2023-01-21
nc,2023-02-04,817.0,817.0,0.0098887515451174,0,2023-02-11
nc,2023-02-18,727.0,727.0,-0.049673202614379,0,2023-02-25
nc,2023-03-11,417.0,417.0,-0.1643286573146292,0,2023-03-18
nc,2023-03-25,359.0,359.0,-0.0841836734693877,0,2023-04-01
nc,2023-04-01,306.0,306.0,-0.1476323119777158,0,2023-04-08
nc,2023-04-08,230.0,230.0,-0.2483660130718954,0,2023-04-15
nc,2023-04-15,238.0,238.0,0.0347826086956521,0,2023-04-22
nc,2023-04-22,158.0,158.0,-0.3361344537815126,0,2023-04-29
nc,2023-04-29,204.0,204.0,0.2911392405063291,0,2023-05-06
nc,2023-05-06,173.0,173.0,-0.1519607843137254,0,2023-05-13
nc,2023-05-13,182.0,182.0,0.0520231213872832,0,2023-05-20
nc,2023-05-20,151.0,151.0,-0.1703296703296703,0,2023-05-27
nc,2023-05-27,160.0,160.0,0.0596026490066225,0,2023-06-03
nc,2023-06-03,119.0,119.0,-0.25625,0,2023-06-10
nc,2023-06-10,147.0,147.0,0.2352941176470588,0,2023-06-17
nc,2023-06-17,124.0,124.0,-0.1564625850340136,0,2023-06-24
nc,2023-06-24,152.0,152.0,0.2258064516129032,0,2023-07-01
nc,2023-07-01,133.0,133.0,-0.125,0,2023-07-08
nc,2023-07-08,182.0,182.0,0.3684210526315789,0,2023-07-15
nc,2023-07-15,197.0,197.0,0.0824175824175824,0,2023-07-22
nc,2023-07-22,231.0,231.0,0.1725888324873096,0,2023-07-29
nc,2023-07-29,260.0,260.0,0.1255411255411255,0,2023-08-05
nc,2023-08-05,323.0,323.0,0.2423076923076923,0,2023-08-12
nc,2023-08-12,428.0,428.0,0.3250773993808049,0,2023-08-19
nc,2023-09-02,649.0,649.0,0.3137651821862348,1,2023-09-09
nc,2023-09-23,578.0,578.0,-0.0737179487179487,0,2023-09-30
nc,2023-09-30,588.0,588.0,0.0173010380622837,0,2023-10-07
nc,2023-10-14,432.0,432.0,-0.0943396226415094,0,2023-10-21
nc,2023-11-04,412.0,412.0,0.0510204081632653,0,2023-11-11
nc,2023-11-11,400.0,400.0,-0.029126213592233,0,2023-11-18
nc,2023-11-18,427.0,427.0,0.0675,0,2023-11-25
nc,2023-11-25,474.0,474.0,0.1100702576112412,1,2023-12-02
nc,2023-12-09,567.0,567.0,0.0088967971530249,0,2023-12-16
nc,2023-12-16,725.0,725.0,0.2786596119929453,1,2023-12-23
nc,2023-12-30,885.0,885.0,-0.0483870967741935,0,2024-01-06
nc,2024-01-13,730.0,730.0,-0.1825307950727883,0,2024-01-20
nc,2024-01-20,695.0,695.0,-0.047945205479452,0,2024-01-27
nc,2024-02-03,710.0,710.0,0.0289855072463768,0,2024-02-10
nc,2024-03-16,362.0,362.0,-0.0372340425531914,0,2024-03-23
nc,2024-03-23,280.0,280.0,-0.2265193370165746,0,2024-03-30
nc,2024-04-06,220.0,220.0,-0.2253521126760563,0,2024-04-13
nc,2024-04-13,185.0,185.0,-0.1590909090909091,0,2024-04-20
nc,2024-04-20,154.0,154.0,-0.1675675675675675,0,2024-04-27
nc,2024-10-26,130.0,130.0,,0,2024-11-02
nc,2024-11-02,208.0,208.0,0.6,0,2024-11-09
nc,2024-11-09,190.0,190.0,-0.0865384615384615,0,2024-11-16
nc,2024-11-16,167.0,167.0,-0.1210526315789473,0,2024-11-23
nc,2024-11-30,183.0,183.0,0.2039473684210526,0,2024-12-07
nc,2024-12-07,236.0,236.0,0.2896174863387978,0,2024-12-14
nc,2024-12-14,262.0,262.0,0.1101694915254237,0,2024-12-21
nc,2024-12-21,378.0,378.0,0.4427480916030534,0,2024-12-28
nc,2025-02-15,375.0,375.0,-0.057788944723618,0,2025-02-22
nc,2025-02-22,387.0,387.0,0.032,0,2025-03-01
nc,2025-03-29,349.0,349.0,0.1750841750841751,0,2025-04-05
nc,2025-04-19,185.0,185.0,-0.1704035874439461,0,2025-04-26
nc,2025-04-26,161.0,161.0,-0.1297297297297297,0,2025-05-03
nc,2025-05-03,130.0,130.0,-0.1925465838509316,0,2025-05-10
nc,2025-05-10,125.0,125.0,-0.0384615384615384,0,2025-05-17
nc,2025-05-17,109.0,109.0,-0.128,0,2025-05-24
nc,2025-05-24,98.0,98.0,-0.1009174311926605,0,2025-05-31
nc,2025-05-31,109.0,109.0,0.1122448979591836,0,2025-06-07
nc,2025-06-07,77.0,77.0,-0.2935779816513761,0,2025-06-14
nc,2025-06-14,97.0,97.0,0.2597402597402597,0,2025-06-21
nc,2025-06-21,102.0,102.0,0.0515463917525773,0,2025-06-28
nc,2025-06-28,93.0,93.0,-0.088235294117647,0,2025-07-05
nc,2025-07-05,105.0,105.0,0.1290322580645161,0,2025-07-12
nc,2025-07-12,133.0,133.0,0.2666666666666666,0,2025-07-19
nc,2025-07-19,145.0,145.0,0.0902255639097744,0,2025-07-26
nc,2025-07-26,183.0,183.0,0.2620689655172414,0,2025-08-02
nc,2025-08-02,222.0,222.0,0.2131147540983606,0,2025-08-09
nc,2025-08-09,273.0,273.0,0.2297297297297297,0,2025-08-16
nc,2025-08-16,391.0,391.0,0.4322344322344322,0,2025-08-23
nc,2025-08-23,477.0,477.0,0.2199488491048593,1,2025-08-30
nc,2025-08-30,528.0,528.0,0.1069182389937107,1,2025-09-06
nc,2025-09-06,535.0,535.0,0.0132575757575757,0,2025-09-13
nc,2025-10-04,216.0,216.0,-0.2677966101694915,0,2025-10-11
nc,2025-10-11,167.0,167.0,-0.2268518518518518,0,2025-10-18
nc,2025-10-18,122.0,122.0,-0.2694610778443114,0,2025-10-25
nc,2025-10-25,118.0,118.0,-0.0327868852459016,0,2025-11-01
nc,2025-11-01,109.0,109.0,-0.0762711864406779,0,2025-11-08
nc,2025-11-08,135.0,135.0,0.2385321100917431,0,2025-11-15
nc,2025-11-15,112.0,112.0,-0.1703703703703703,0,2025-11-22
nc,2025-11-22,101.0,101.0,-0.0982142857142857,0,2025-11-29
nc,2025-11-29,99.0,99.0,-0.0198019801980198,0,2025-12-06
nc,2025-12-06,100.0,100.0,0.0101010101010101,0,2025-12-13
nc,2025-12-13,147.0,147.0,0.47,0,2025-12-20
nc,2025-12-20,193.0,193.0,0.3129251700680272,0,2025-12-27
nc,2025-12-27,230.0,230.0,0.1917098445595854,0,2026-01-03
nc,2026-01-10,204.0,204.0,-0.081081081081081,0,2026-01-17
nc,2026-01-17,173.0,173.0,-0.1519607843137254,0,2026-01-24
nc,2026-01-24,170.0,170.0,-0.0173410404624277,0,2026-01-31
nc,2026-01-31,158.0,158.0,-0.0705882352941176,0,2026-02-07
nc,2026-02-07,177.0,177.0,0.120253164556962,0,2026-02-14
nc,2026-02-21,202.0,202.0,-0.0604651162790697,0,2026-02-28
nc,2026-02-28,238.0,238.0,0.1782178217821782,0,2026-03-07
nc,2026-03-07,196.0,196.0,-0.1764705882352941,0,2026-03-14
nc,2026-03-14,207.0,207.0,0.0561224489795918,0,2026-03-21
nc,2026-03-21,98.0,98.0,-0.5265700483091788,0,2026-03-28
nc,2026-03-28,108.0,108.0,0.1020408163265306,0,2026-04-04
nc,2026-04-04,91.0,91.0,-0.1574074074074074,0,2026-04-11
nc,2026-04-11,83.0,83.0,-0.0879120879120879,0,2026-04-18
nc,2026-04-18,124.0,124.0,0.4939759036144578,0,2026-04-25
nc,2026-04-25,75.0,75.0,-0.3951612903225806,0,2026-05-02
nc,2026-05-02,106.0,106.0,0.4133333333333333,0,2026-05-09
nc,2026-05-09,59.0,59.0,-0.4433962264150943,0,2026-05-16
nc,2026-05-16,82.0,82.0,0.3898305084745763,0,2026-05-23
nc,2026-05-23,45.0,45.0,-0.4512195121951219,0,2026-05-30
nc,2026-05-30,44.0,44.0,-0.0222222222222222,0,2026-06-06
nc,2026-06-06,49.0,49.0,0.1136363636363636,0,2026-06-13
nc,2026-06-13,52.0,52.0,0.0612244897959183,0,2026-06-20
nc,2026-06-20,43.0,43.0,-0.173076923076923,0,2026-06-27
nc,2026-06-27,42.0,42.0,-0.0232558139534883,0,2026-07-04
ne,2022-02-12,278.0,278.0,-0.3202933985330073,0,2022-02-19
ne,2022-03-26,52.0,52.0,-0.1875,0,2022-04-02
ne,2022-04-02,44.0,44.0,-0.1538461538461538,0,2022-04-09
ne,2022-04-09,50.0,50.0,0.1363636363636363,0,2022-04-16
ne,2022-04-16,56.0,56.0,0.12,0,2022-04-23
ne,2022-04-23,45.0,45.0,-0.1964285714285714,0,2022-04-30
ne,2022-04-30,55.0,55.0,0.2222222222222222,0,2022-05-07
ne,2022-05-14,84.0,84.0,0.3125,1,2022-05-21
ne,2022-05-21,95.0,95.0,0.1309523809523809,1,2022-05-28
ne,2022-06-04,133.0,133.0,0.0075757575757575,0,2022-06-11
ne,2022-12-24,201.0,201.0,-0.0779816513761468,0,2022-12-31
ne,2023-04-15,81.0,81.0,-0.0121951219512195,0,2023-04-22
ne,2023-04-22,59.0,59.0,-0.2716049382716049,0,2023-04-29
ne,2023-05-27,34.0,34.0,0.3076923076923077,0,2023-06-03
ne,2023-06-10,40.0,40.0,1.105263157894737,0,2023-06-17
ne,2023-06-17,17.0,17.0,-0.575,0,2023-06-24
ne,2023-06-24,20.0,20.0,0.1764705882352941,0,2023-07-01
ne,2023-07-01,16.0,16.0,-0.2,0,2023-07-08
ne,2023-07-08,27.0,27.0,0.6875,0,2023-07-15
ne,2023-07-15,31.0,31.0,0.1481481481481481,0,2023-07-22
ne,2023-08-19,58.0,58.0,0.1836734693877551,0,2023-08-26
ne,2023-08-26,56.0,56.0,-0.0344827586206896,0,2023-09-02
ne,2023-09-16,84.0,84.0,-0.0666666666666666,0,2023-09-23
ne,2023-10-07,69.0,69.0,0.0,0,2023-10-14
ne,2023-10-14,91.0,91.0,0.3188405797101449,1,2023-10-21
ne,2023-10-21,137.0,137.0,0.5054945054945055,1,2023-10-28
ne,2024-02-03,158.0,158.0,0.1532846715328467,1,2024-02-10
ne,2024-02-10,109.0,109.0,-0.310126582278481,0,2024-02-17
ne,2024-02-17,127.0,127.0,0.1651376146788991,1,2024-02-24
ne,2024-02-24,104.0,104.0,-0.1811023622047244,0,2024-03-02
ne,2024-03-30,30.0,30.0,-0.5714285714285714,0,2024-04-06
ne,2024-04-06,34.0,34.0,0.1333333333333333,0,2024-04-13
ne,2024-04-13,33.0,33.0,-0.0294117647058823,0,2024-04-20
ne,2024-04-20,26.0,26.0,-0.2121212121212121,0,2024-04-27
ne,2024-11-16,36.0,36.0,-0.0769230769230769,0,2024-11-23
ne,2024-11-23,42.0,42.0,0.1666666666666666,0,2024-11-30
ne,2024-11-30,84.0,84.0,1.0,1,2024-12-07
ne,2025-02-01,71.0,71.0,-0.0533333333333333,0,2025-02-08
ne,2025-04-26,11.0,11.0,-0.5217391304347826,0,2025-05-03
ne,2025-05-10,25.0,25.0,0.3157894736842105,0,2025-05-17
ne,2025-05-17,11.0,11.0,-0.56,0,2025-05-24
ne,2025-05-24,6.0,6.0,-0.4545454545454545,0,2025-05-31
ne,2025-05-31,13.0,13.0,1.1666666666666667,0,2025-06-07
ne,2025-06-07,11.0,11.0,-0.1538461538461538,0,2025-06-14
ne,2025-06-14,4.0,4.0,-0.6363636363636364,0,2025-06-21
ne,2025-06-21,6.0,6.0,0.5,0,2025-06-28
ne,2025-06-28,11.0,11.0,0.8333333333333334,0,2025-07-05
ne,2025-07-05,7.0,7.0,-0.3636363636363636,0,2025-07-12
ne,2025-07-12,14.0,14.0,1.0,0,2025-07-19
ne,2025-07-19,19.0,19.0,0.3571428571428571,0,2025-07-26
ne,2025-08-02,27.0,27.0,1.7,0,2025-08-09
ne,2025-10-11,9.0,9.0,-0.5,0,2025-10-18
ne,2025-10-18,18.0,18.0,1.0,0,2025-10-25
ne,2025-11-01,15.0,15.0,-0.1666666666666666,0,2025-11-08
ne,2025-11-15,24.0,24.0,0.4117647058823529,0,2025-11-22
ne,2026-01-03,78.0,78.0,-0.0714285714285714,0,2026-01-10
ne,2026-03-07,23.0,23.0,-0.4772727272727273,0,2026-03-14
ne,2026-03-14,19.0,19.0,-0.1739130434782608,0,2026-03-21
ne,2026-03-21,8.0,8.0,-0.5789473684210527,0,2026-03-28
ne,2026-03-28,7.0,7.0,-0.125,0,2026-04-04
ne,2026-04-04,4.0,4.0,-0.4285714285714285,0,2026-04-11
ne,2026-04-11,2.0,2.0,-0.5,0,2026-04-18
ne,2026-04-18,7.0,7.0,2.5,0,2026-04-25
ne,2026-04-25,4.0,4.0,-0.4285714285714285,0,2026-05-02
ne,2026-05-02,5.0,5.0,0.25,0,2026-05-09
ne,2026-05-09,7.0,7.0,0.4,0,2026-05-16
ne,2026-05-16,1.0,1.0,-0.8571428571428571,0,2026-05-23
ne,2026-05-23,1.0,1.0,0.0,0,2026-05-30
ne,2026-05-30,3.0,3.0,2.0,0,2026-06-06
ne,2026-06-06,1.0,1.0,-0.6666666666666666,0,2026-06-13
ne,2026-06-13,1.0,1.0,0.0,0,2026-06-20
ne,2026-06-20,1.0,1.0,0.0,0,2026-06-27
ne,2026-06-27,4.0,4.0,3.0,0,2026-07-04
nh,2022-06-18,99.0,99.0,-0.1081081081081081,0,2022-06-25
nh,2022-06-25,106.0,106.0,0.0707070707070707,0,2022-07-02
nh,2022-07-02,87.0,87.0,-0.1792452830188679,0,2022-07-09
nh,2022-07-09,96.0,96.0,0.1034482758620689,1,2022-07-16
nh,2022-09-10,97.0,97.0,-0.0849056603773584,0,2022-09-17
nh,2022-09-17,96.0,96.0,-0.0103092783505154,0,2022-09-24
nh,2022-10-08,140.0,140.0,0.0687022900763358,0,2022-10-15
nh,2022-10-22,138.0,138.0,-0.1481481481481481,0,2022-10-29
nh,2022-10-29,122.0,122.0,-0.1159420289855072,0,2022-11-05
nh,2022-11-05,104.0,104.0,-0.1475409836065573,0,2022-11-12
nh,2022-11-12,97.0,97.0,-0.0673076923076923,0,2022-11-19
nh,2022-11-19,72.0,72.0,-0.2577319587628865,0,2022-11-26
nh,2022-11-26,135.0,135.0,0.875,1,2022-12-03
nh,2022-12-03,108.0,108.0,-0.2,0,2022-12-10
nh,2022-12-17,141.0,141.0,0.0930232558139534,0,2022-12-24
nh,2023-03-25,51.0,51.0,0.02,0,2023-04-01
nh,2023-04-29,47.0,47.0,-0.1454545454545454,0,2023-05-06
nh,2023-05-06,37.0,37.0,-0.2127659574468085,0,2023-05-13
nh,2023-05-13,39.0,39.0,0.054054054054054,0,2023-05-20
nh,2023-05-20,34.0,34.0,-0.1282051282051282,0,2023-05-27
nh,2023-05-27,29.0,29.0,-0.1470588235294117,0,2023-06-03
nh,2023-06-03,34.0,34.0,0.1724137931034483,0,2023-06-10
nh,2023-06-10,30.0,30.0,-0.1176470588235294,0,2023-06-17
nh,2023-06-17,25.0,25.0,-0.1666666666666666,0,2023-06-24
nh,2023-06-24,29.0,29.0,0.16,0,2023-07-01
nh,2023-07-01,41.0,41.0,0.4137931034482758,0,2023-07-08
nh,2023-07-08,22.0,22.0,-0.4634146341463415,0,2023-07-15
nh,2023-07-15,28.0,28.0,0.2727272727272727,0,2023-07-22
nh,2023-07-22,61.0,61.0,1.1785714285714286,1,2023-07-29
nh,2023-07-29,46.0,46.0,-0.2459016393442623,0,2023-08-05
nh,2023-08-05,54.0,54.0,0.1739130434782608,1,2023-08-12
nh,2023-08-12,44.0,44.0,-0.1851851851851851,0,2023-08-19
nh,2023-08-19,46.0,46.0,0.0454545454545454,0,2023-08-26
nh,2023-12-30,195.0,195.0,0.5116279069767442,1,2024-01-06
nh,2024-02-10,70.0,70.0,-0.1139240506329113,0,2024-02-17
nh,2024-03-16,25.0,25.0,-0.4565217391304347,0,2024-03-23
nh,2024-03-23,14.0,14.0,-0.44,0,2024-03-30
nh,2024-04-13,19.0,19.0,-0.1739130434782608,0,2024-04-20
nh,2024-04-20,24.0,24.0,0.2631578947368421,0,2024-04-27
nh,2024-11-16,20.0,20.0,-0.3939393939393939,0,2024-11-23
nh,2025-03-22,22.0,22.0,-0.2142857142857142,0,2025-03-29
nh,2025-04-12,19.0,19.0,-0.0952380952380952,0,2025-04-19
nh,2025-04-19,15.0,15.0,-0.2105263157894736,0,2025-04-26
nh,2025-04-26,16.0,16.0,0.0666666666666666,0,2025-05-03
nh,2025-05-03,8.0,8.0,-0.5,0,2025-05-10
nh,2025-05-10,5.0,5.0,-0.375,0,2025-05-17
nh,2025-05-17,8.0,8.0,0.6,0,2025-05-24
nh,2025-05-24,4.0,4.0,-0.5,0,2025-05-31
nh,2025-05-31,5.0,5.0,0.25,0,2025-06-07
nh,2025-06-21,9.0,9.0,0.2857142857142857,0,2025-06-28
nh,2025-07-05,11.0,11.0,-0.2666666666666666,0,2025-07-12
nh,2025-07-12,9.0,9.0,-0.1818181818181818,0,2025-07-19
nh,2025-08-16,15.0,15.0,0.0714285714285714,0,2025-08-23
nh,2025-08-30,22.0,22.0,-0.0833333333333333,0,2025-09-06
nh,2025-09-06,20.0,20.0,-0.0909090909090909,0,2025-09-13
nh,2025-09-13,31.0,31.0,0.55,0,2025-09-20
nh,2025-11-08,24.0,24.0,1.4,0,2025-11-15
nh,2025-11-15,16.0,16.0,-0.3333333333333333,0,2025-11-22
nh,2025-11-22,26.0,26.0,0.625,0,2025-11-29
nh,2025-12-06,29.0,29.0,-0.064516129032258,0,2025-12-13
nh,2025-12-20,33.0,33.0,-0.0294117647058823,0,2025-12-27
nh,2026-01-24,31.0,31.0,-0.2790697674418604,0,2026-01-31
nh,2026-02-07,46.0,46.0,-0.1481481481481481,0,2026-02-14
nh,2026-03-28,15.0,15.0,2.0,0,2026-04-04
nh,2026-04-04,6.0,6.0,-0.6,0,2026-04-11
nh,2026-04-11,10.0,10.0,0.6666666666666666,0,2026-04-18
nh,2026-04-18,22.0,22.0,1.2,0,2026-04-25
nh,2026-04-25,7.0,7.0,-0.6818181818181818,0,2026-05-02
nh,2026-05-02,4.0,4.0,-0.4285714285714285,0,2026-05-09
nh,2026-05-09,2.0,2.0,-0.5,0,2026-05-16
nh,2026-05-16,6.0,6.0,2.0,0,2026-05-23
nh,2026-05-23,11.0,11.0,0.8333333333333334,0,2026-05-30
nh,2026-05-30,5.0,5.0,-0.5454545454545454,0,2026-06-06
nh,2026-06-06,3.0,3.0,-0.4,0,2026-06-13
nh,2026-06-13,1.0,1.0,-0.6666666666666666,0,2026-06-20
nh,2026-06-20,6.0,6.0,5.0,0,2026-06-27
nh,2026-06-27,1.0,1.0,-0.8333333333333334,0,2026-07-04
nj,2023-04-15,235.0,235.0,-0.1296296296296296,0,2023-04-22
nj,2023-05-20,147.0,147.0,0.1395348837209302,0,2023-05-27
nj,2023-07-08,129.0,129.0,0.0840336134453781,0,2023-07-15
nj,2023-07-22,200.0,200.0,0.2048192771084337,0,2023-07-29
nj,2023-08-05,286.0,286.0,0.1578947368421052,0,2023-08-12
nj,2023-08-12,294.0,294.0,0.0279720279720279,0,2023-08-19
nj,2023-08-26,356.0,356.0,0.1337579617834395,1,2023-09-02
nj,2023-12-02,645.0,645.0,0.0369774919614147,0,2023-12-09
nj,2024-04-06,169.0,169.0,-0.252212389380531,0,2024-04-13
nj,2024-04-13,149.0,149.0,-0.1183431952662721,0,2024-04-20
nj,2024-04-20,290.0,290.0,0.9463087248322148,0,2024-04-27
nj,2024-11-02,186.0,186.0,-0.0362694300518134,0,2024-11-09
nj,2024-11-09,193.0,193.0,0.0376344086021505,0,2024-11-16
nj,2024-11-23,187.0,187.0,-0.1095238095238095,0,2024-11-30
nj,2024-11-30,188.0,188.0,0.0053475935828877,0,2024-12-07
nj,2024-12-14,300.0,300.0,0.2448132780082987,1,2024-12-21
nj,2024-12-28,647.0,647.0,0.5223529411764706,1,2025-01-04
nj,2025-01-18,459.0,459.0,-0.0982318271119842,0,2025-01-25
nj,2025-03-01,324.0,324.0,-0.0442477876106194,0,2025-03-08
nj,2025-04-19,220.0,220.0,-0.1851851851851851,0,2025-04-26
nj,2025-05-24,133.0,133.0,0.023076923076923,0,2025-05-31
nj,2025-05-31,127.0,127.0,-0.0451127819548872,0,2025-06-07
nj,2025-06-07,114.0,114.0,-0.1023622047244094,0,2025-06-14
nj,2025-06-14,122.0,122.0,0.0701754385964912,0,2025-06-21
nj,2025-06-28,119.0,119.0,0.2795698924731182,0,2025-07-05
nj,2025-07-05,90.0,90.0,-0.2436974789915966,0,2025-07-12
nj,2025-07-12,106.0,106.0,0.1777777777777777,0,2025-07-19
nj,2025-08-02,162.0,162.0,0.0945945945945946,0,2025-08-09
nj,2025-08-09,188.0,188.0,0.1604938271604938,0,2025-08-16
nj,2025-08-16,216.0,216.0,0.1489361702127659,0,2025-08-23
nj,2025-08-30,236.0,236.0,-0.099236641221374,0,2025-09-06
nj,2025-09-06,269.0,269.0,0.1398305084745762,0,2025-09-13
nj,2025-09-13,291.0,291.0,0.0817843866171003,0,2025-09-20
nj,2025-09-27,226.0,226.0,-0.1240310077519379,0,2025-10-04
nj,2025-10-11,166.0,166.0,-0.1782178217821782,0,2025-10-18
nj,2025-10-18,120.0,120.0,-0.2771084337349397,0,2025-10-25
nj,2025-10-25,119.0,119.0,-0.0083333333333333,0,2025-11-01
nj,2025-11-01,116.0,116.0,-0.0252100840336134,0,2025-11-08
nj,2025-11-08,105.0,105.0,-0.0948275862068965,0,2025-11-15
nj,2025-11-15,106.0,106.0,0.0095238095238095,0,2025-11-22
nj,2025-11-22,114.0,114.0,0.0754716981132075,0,2025-11-29
nj,2025-11-29,146.0,146.0,0.2807017543859649,0,2025-12-06
nj,2025-12-06,166.0,166.0,0.136986301369863,0,2025-12-13
nj,2025-12-13,220.0,220.0,0.3253012048192771,0,2025-12-20
nj,2025-12-20,254.0,254.0,0.1545454545454545,0,2025-12-27
nj,2025-12-27,325.0,325.0,0.2795275590551181,1,2026-01-03
nj,2026-01-03,276.0,276.0,-0.1507692307692307,0,2026-01-10
nj,2026-01-10,211.0,211.0,-0.2355072463768115,0,2026-01-17
nj,2026-01-24,192.0,192.0,0.0212765957446808,0,2026-01-31
nj,2026-01-31,189.0,189.0,-0.015625,0,2026-02-07
nj,2026-02-14,244.0,244.0,0.291005291005291,0,2026-02-21
nj,2026-02-21,209.0,209.0,-0.1434426229508196,0,2026-02-28
nj,2026-02-28,180.0,180.0,-0.138755980861244,0,2026-03-07
nj,2026-03-07,178.0,178.0,-0.0111111111111111,0,2026-03-14
nj,2026-03-14,161.0,161.0,-0.095505617977528,0,2026-03-21
nj,2026-03-21,83.0,83.0,-0.484472049689441,0,2026-03-28
nj,2026-04-04,64.0,64.0,-0.1578947368421052,0,2026-04-11
nj,2026-04-11,49.0,49.0,-0.234375,0,2026-04-18
nj,2026-04-18,69.0,69.0,0.4081632653061224,0,2026-04-25
nj,2026-04-25,67.0,67.0,-0.0289855072463768,0,2026-05-02
nj,2026-05-02,71.0,71.0,0.0597014925373134,0,2026-05-09
nj,2026-05-09,51.0,51.0,-0.2816901408450704,0,2026-05-16
nj,2026-05-16,51.0,51.0,0.0,0,2026-05-23
nj,2026-05-23,47.0,47.0,-0.0784313725490196,0,2026-05-30
nj,2026-05-30,45.0,45.0,-0.0425531914893617,0,2026-06-06
nj,2026-06-06,40.0,40.0,-0.1111111111111111,0,2026-06-13
nj,2026-06-13,18.0,18.0,-0.55,0,2026-06-20
nj,2026-06-20,28.0,28.0,0.5555555555555556,0,2026-06-27
nj,2026-06-27,39.0,39.0,0.3928571428571428,0,2026-07-04
nm,2022-05-28,138.0,138.0,0.1129032258064516,1,2022-06-04
nm,2022-09-03,148.0,148.0,-0.0632911392405063,0,2022-09-10
nm,2022-09-24,104.0,104.0,-0.168,0,2022-10-01
nm,2022-10-01,87.0,87.0,-0.1634615384615384,0,2022-10-08
nm,2022-10-08,99.0,99.0,0.1379310344827586,1,2022-10-15
nm,2023-03-11,95.0,95.0,-0.0865384615384615,0,2023-03-18
nm,2023-06-03,23.0,23.0,-0.3947368421052631,0,2023-06-10
nm,2023-06-10,33.0,33.0,0.4347826086956521,0,2023-06-17
nm,2023-06-24,28.0,28.0,-0.2432432432432432,0,2023-07-01
nm,2023-07-01,30.0,30.0,0.0714285714285714,0,2023-07-08
nm,2023-07-08,30.0,30.0,0.0,0,2023-07-15
nm,2023-07-22,27.0,27.0,0.08,0,2023-07-29
nm,2023-08-05,41.0,41.0,0.64,0,2023-08-12
nm,2023-09-23,88.0,88.0,0.6296296296296297,1,2023-09-30
nm,2023-10-21,147.0,147.0,0.2457627118644068,1,2023-10-28
nm,2024-03-16,57.0,57.0,0.2391304347826087,0,2024-03-23
nm,2024-03-23,52.0,52.0,-0.087719298245614,0,2024-03-30
nm,2024-03-30,30.0,30.0,-0.4230769230769231,0,2024-04-06
nm,2024-04-06,31.0,31.0,0.0333333333333333,0,2024-04-13
nm,2024-04-13,24.0,24.0,-0.2258064516129032,0,2024-04-20
nm,2024-04-20,34.0,34.0,0.4166666666666667,0,2024-04-27
nm,2024-10-26,18.0,18.0,,0,2024-11-02
nm,2024-11-02,91.0,91.0,4.055555555555555,1,2024-11-09
nm,2024-11-16,121.0,121.0,0.4756097560975609,1,2024-11-23
nm,2024-12-21,147.0,147.0,0.0970149253731343,0,2024-12-28
nm,2025-01-18,75.0,75.0,-0.2924528301886792,0,2025-01-25
nm,2025-01-25,57.0,57.0,-0.24,0,2025-02-01
nm,2025-02-01,64.0,64.0,0.1228070175438596,1,2025-02-08
nm,2025-02-08,38.0,38.0,-0.40625,0,2025-02-15
nm,2025-02-15,58.0,58.0,0.5263157894736842,0,2025-02-22
nm,2025-03-08,22.0,22.0,-0.45,0,2025-03-15
nm,2025-03-15,25.0,25.0,0.1363636363636363,0,2025-03-22
nm,2025-03-22,39.0,39.0,0.56,0,2025-03-29
nm,2025-03-29,33.0,33.0,-0.1538461538461538,0,2025-04-05
nm,2025-04-05,29.0,29.0,-0.1212121212121212,0,2025-04-12
nm,2025-04-12,22.0,22.0,-0.2413793103448276,0,2025-04-19
nm,2025-04-19,27.0,27.0,0.2272727272727272,0,2025-04-26
nm,2025-04-26,26.0,26.0,-0.037037037037037,0,2025-05-03
nm,2025-05-03,13.0,13.0,-0.5,0,2025-05-10
nm,2025-05-10,17.0,17.0,0.3076923076923077,0,2025-05-17
nm,2025-05-17,17.0,17.0,0.0,0,2025-05-24
nm,2025-05-24,23.0,23.0,0.3529411764705882,0,2025-05-31
nm,2025-06-07,17.0,17.0,-0.4516129032258064,0,2025-06-14
nm,2025-06-14,22.0,22.0,0.2941176470588235,0,2025-06-21
nm,2025-06-21,21.0,21.0,-0.0454545454545454,0,2025-06-28
nm,2025-06-28,18.0,18.0,-0.1428571428571428,0,2025-07-05
nm,2025-07-05,22.0,22.0,0.2222222222222222,0,2025-07-12
nm,2025-07-12,22.0,22.0,0.0,0,2025-07-19
nm,2025-07-19,25.0,25.0,0.1363636363636363,0,2025-07-26
nm,2025-07-26,28.0,28.0,0.12,0,2025-08-02
nm,2025-08-02,51.0,51.0,0.8214285714285714,0,2025-08-09
nm,2025-08-09,63.0,63.0,0.2352941176470588,0,2025-08-16
nm,2025-08-16,83.0,83.0,0.3174603174603174,1,2025-08-23
nm,2025-08-23,64.0,64.0,-0.2289156626506024,0,2025-08-30
nm,2025-08-30,63.0,63.0,-0.015625,0,2025-09-06
nm,2025-09-06,38.0,38.0,-0.3968253968253968,0,2025-09-13
nm,2025-09-13,46.0,46.0,0.2105263157894736,0,2025-09-20
nm,2025-09-20,36.0,36.0,-0.217391304347826,0,2025-09-27
nm,2025-09-27,32.0,32.0,-0.1111111111111111,0,2025-10-04
nm,2025-10-04,31.0,31.0,-0.03125,0,2025-10-11
nm,2025-10-11,29.0,29.0,-0.064516129032258,0,2025-10-18
nm,2025-10-18,23.0,23.0,-0.2068965517241379,0,2025-10-25
nm,2025-10-25,29.0,29.0,0.2608695652173913,0,2025-11-01
nm,2025-11-01,36.0,36.0,0.2413793103448276,0,2025-11-08
nm,2025-11-08,49.0,49.0,0.3611111111111111,0,2025-11-15
nm,2025-11-15,49.0,49.0,0.0,0,2025-11-22
nm,2026-02-07,36.0,36.0,-0.0769230769230769,0,2026-02-14
nm,2026-02-21,38.0,38.0,0.1875,0,2026-02-28
nm,2026-02-28,23.0,23.0,-0.3947368421052631,0,2026-03-07
nm,2026-03-07,21.0,21.0,-0.0869565217391304,0,2026-03-14
nm,2026-03-14,15.0,15.0,-0.2857142857142857,0,2026-03-21
nm,2026-03-21,12.0,12.0,-0.2,0,2026-03-28
nm,2026-03-28,1.0,1.0,-0.9166666666666666,0,2026-04-04
nm,2026-04-04,5.0,5.0,4.0,0,2026-04-11
nm,2026-04-11,3.0,3.0,-0.4,0,2026-04-18
nm,2026-04-18,6.0,6.0,1.0,0,2026-04-25
nm,2026-04-25,3.0,3.0,-0.5,0,2026-05-02
nm,2026-05-02,6.0,6.0,1.0,0,2026-05-09
nm,2026-05-09,4.0,4.0,-0.3333333333333333,0,2026-05-16
nm,2026-05-16,2.0,2.0,-0.5,0,2026-05-23
nm,2026-05-23,4.0,4.0,1.0,0,2026-05-30
nm,2026-05-30,6.0,6.0,0.5,0,2026-06-06
nm,2026-06-06,7.0,7.0,0.1666666666666666,0,2026-06-13
nm,2026-06-13,5.0,5.0,-0.2857142857142857,0,2026-06-20
nm,2026-06-20,1.0,1.0,-0.8,0,2026-06-27
nm,2026-06-27,4.0,4.0,3.0,0,2026-07-04
nv,2025-04-26,25.0,25.0,-0.358974358974359,0,2025-05-03
nv,2025-05-17,28.0,28.0,-0.1764705882352941,0,2025-05-24
nv,2025-05-24,25.0,25.0,-0.1071428571428571,0,2025-05-31
nv,2025-08-09,54.0,54.0,0.2,0,2025-08-16
nv,2025-10-18,24.0,24.0,-0.4,0,2025-10-25
nv,2025-11-15,24.0,24.0,-0.2258064516129032,0,2025-11-22
nv,2025-11-22,10.0,10.0,-0.5833333333333334,0,2025-11-29
nv,2026-01-03,18.0,18.0,-0.3571428571428571,0,2026-01-10
nv,2026-02-07,23.0,23.0,0.0952380952380952,0,2026-02-14
nv,2026-02-28,18.0,18.0,-0.1,0,2026-03-07
nv,2026-03-07,17.0,17.0,-0.0555555555555555,0,2026-03-14
nv,2026-03-14,10.0,10.0,-0.4117647058823529,0,2026-03-21
nv,2026-03-21,12.0,12.0,0.2,0,2026-03-28
nv,2026-03-28,4.0,4.0,-0.6666666666666666,0,2026-04-04
nv,2026-04-04,8.0,8.0,1.0,0,2026-04-11
nv,2026-04-11,6.0,6.0,-0.25,0,2026-04-18
nv,2026-04-18,3.0,3.0,-0.5,0,2026-04-25
nv,2026-04-25,8.0,8.0,1.6666666666666667,0,2026-05-02
nv,2026-05-02,10.0,10.0,0.25,0,2026-05-09
nv,2026-05-09,5.0,5.0,-0.5,0,2026-05-16
nv,2026-05-16,2.0,2.0,-0.6,0,2026-05-23
nv,2026-05-23,13.0,13.0,5.5,0,2026-05-30
nv,2026-05-30,13.0,13.0,0.0,0,2026-06-06
nv,2026-06-06,16.0,16.0,0.2307692307692307,0,2026-06-13
nv,2026-06-13,10.0,10.0,-0.375,0,2026-06-20
nv,2026-06-20,7.0,7.0,-0.3,0,2026-06-27
nv,2026-06-27,10.0,10.0,0.4285714285714285,0,2026-07-04
ny,2022-01-01,11833.0,11833.0,0.3133185349611542,1,2022-01-08
ny,2022-01-15,8357.0,8357.0,-0.2527718168812589,0,2022-01-22
ny,2022-01-22,6412.0,6412.0,-0.2327390211798492,0,2022-01-29
ny,2022-01-29,4486.0,4486.0,-0.300374298190892,0,2022-02-05
ny,2022-02-05,2959.0,2959.0,-0.3403923316986179,0,2022-02-12
ny,2022-02-12,2339.0,2339.0,-0.2095302467049679,0,2022-02-19
ny,2022-02-19,1493.0,1493.0,-0.3616930312099187,0,2022-02-26
ny,2022-02-26,1256.0,1256.0,-0.1587407903549899,0,2022-03-05
ny,2022-03-05,1506.0,1506.0,0.1990445859872611,1,2022-03-12
ny,2022-03-12,825.0,825.0,-0.4521912350597609,0,2022-03-19
ny,2022-03-19,772.0,772.0,-0.0642424242424242,0,2022-03-26
ny,2022-03-26,876.0,876.0,0.1347150259067357,0,2022-04-02
ny,2022-04-02,1089.0,1089.0,0.2431506849315068,0,2022-04-09
ny,2022-04-09,1371.0,1371.0,0.2589531680440771,1,2022-04-16
ny,2022-04-16,1709.0,1709.0,0.2465353756382202,1,2022-04-23
ny,2022-04-23,2053.0,2053.0,0.2012873025160912,1,2022-04-30
ny,2022-04-30,2526.0,2526.0,0.2303945445689235,1,2022-05-07
ny,2022-05-07,2761.0,2761.0,0.0930324623911322,0,2022-05-14
ny,2022-05-14,2836.0,2836.0,0.0271640709887721,0,2022-05-21
ny,2022-05-21,2600.0,2600.0,-0.083215796897038,0,2022-05-28
ny,2022-05-28,2200.0,2200.0,-0.1538461538461538,0,2022-06-04
ny,2022-06-04,1888.0,1888.0,-0.1418181818181818,0,2022-06-11
ny,2022-06-11,1840.0,1840.0,-0.0254237288135593,0,2022-06-18
ny,2022-06-18,1871.0,1871.0,0.0168478260869565,0,2022-06-25
ny,2022-06-25,2050.0,2050.0,0.0956707642971673,0,2022-07-02
ny,2022-07-02,2289.0,2289.0,0.1165853658536585,1,2022-07-09
ny,2022-07-09,2559.0,2559.0,0.1179554390563564,1,2022-07-16
ny,2022-07-16,2657.0,2657.0,0.038296209456819,0,2022-07-23
ny,2022-07-23,2631.0,2631.0,-0.0097854723372224,0,2022-07-30
ny,2022-07-30,2514.0,2514.0,-0.0444697833523375,0,2022-08-06
ny,2022-08-06,2309.0,2309.0,-0.0815433571996817,0,2022-08-13
ny,2022-08-13,2303.0,2303.0,-0.0025985275010827,0,2022-08-20
ny,2022-08-20,2180.0,2180.0,-0.0534085974815458,0,2022-08-27
ny,2022-08-27,2047.0,2047.0,-0.0610091743119266,0,2022-09-03
ny,2022-09-03,1910.0,1910.0,-0.0669272105520273,0,2022-09-10
ny,2022-09-10,1940.0,1940.0,0.0157068062827225,0,2022-09-17
ny,2022-09-17,2157.0,2157.0,0.1118556701030927,1,2022-09-24
ny,2022-09-24,2313.0,2313.0,0.0723226703755215,0,2022-10-01
ny,2022-10-01,2453.0,2453.0,0.0605274535235624,0,2022-10-08
ny,2022-10-08,2586.0,2586.0,0.0542193232776192,0,2022-10-15
ny,2022-10-15,2593.0,2593.0,0.002706883217324,0,2022-10-22
ny,2022-10-22,2618.0,2618.0,0.0096413420748168,0,2022-10-29
ny,2022-10-29,2538.0,2538.0,-0.0305576776165011,0,2022-11-05
ny,2022-11-05,2439.0,2439.0,-0.0390070921985815,0,2022-11-12
ny,2022-11-12,2392.0,2392.0,-0.019270192701927,0,2022-11-19
ny,2022-11-19,2463.0,2463.0,0.0296822742474916,0,2022-11-26
ny,2022-11-26,2989.0,2989.0,0.2135606983353633,1,2022-12-03
ny,2022-12-03,3189.0,3189.0,0.0669120107059217,0,2022-12-10
ny,2022-12-10,3438.0,3438.0,0.0780809031044214,0,2022-12-17
ny,2022-12-17,3604.0,3604.0,0.048283885980221,0,2022-12-24
ny,2022-12-24,3495.0,3495.0,-0.0302441731409544,0,2022-12-31
ny,2022-12-31,3763.0,3763.0,0.0766809728183118,0,2023-01-07
ny,2023-01-07,3270.0,3270.0,-0.1310124900345469,0,2023-01-14
ny,2023-01-14,2654.0,2654.0,-0.1883792048929663,0,2023-01-21
ny,2023-01-21,2504.0,2504.0,-0.0565184626978146,0,2023-01-28
ny,2023-01-28,2247.0,2247.0,-0.1026357827476038,0,2023-02-04
ny,2023-02-04,1951.0,1951.0,-0.1317311971517579,0,2023-02-11
ny,2023-02-11,1934.0,1934.0,-0.0087134802665299,0,2023-02-18
ny,2023-02-18,1732.0,1732.0,-0.1044467425025853,0,2023-02-25
ny,2023-02-25,1549.0,1549.0,-0.1056581986143187,0,2023-03-04
ny,2023-03-04,1311.0,1311.0,-0.1536475145255003,0,2023-03-11
ny,2023-03-11,1146.0,1146.0,-0.125858123569794,0,2023-03-18
ny,2023-03-18,1012.0,1012.0,-0.1169284467713787,0,2023-03-25
ny,2023-03-25,935.0,935.0,-0.0760869565217391,0,2023-04-01
ny,2023-04-01,854.0,854.0,-0.0866310160427807,0,2023-04-08
ny,2023-04-08,775.0,775.0,-0.0925058548009367,0,2023-04-15
ny,2023-04-15,682.0,682.0,-0.12,0,2023-04-22
ny,2023-04-22,604.0,604.0,-0.1143695014662756,0,2023-04-29
ny,2023-04-29,632.0,632.0,0.0463576158940397,0,2023-05-06
ny,2023-05-06,587.0,587.0,-0.0712025316455696,0,2023-05-13
ny,2023-05-13,591.0,591.0,0.0068143100511073,0,2023-05-20
ny,2023-05-20,547.0,547.0,-0.0744500846023688,0,2023-05-27
ny,2023-05-27,532.0,532.0,-0.0274223034734917,0,2023-06-03
ny,2023-06-03,512.0,512.0,-0.037593984962406,0,2023-06-10
ny,2023-06-10,492.0,492.0,-0.0390625,0,2023-06-17
ny,2023-06-17,381.0,381.0,-0.2256097560975609,0,2023-06-24
ny,2023-06-24,479.0,479.0,0.2572178477690289,0,2023-07-01
ny,2023-07-01,545.0,545.0,0.1377870563674321,0,2023-07-08
ny,2023-07-08,447.0,447.0,-0.1798165137614679,0,2023-07-15
ny,2023-07-15,558.0,558.0,0.2483221476510067,0,2023-07-22
ny,2023-07-22,662.0,662.0,0.1863799283154122,0,2023-07-29
ny,2023-07-29,704.0,704.0,0.0634441087613293,0,2023-08-05
ny,2023-08-05,991.0,991.0,0.4076704545454545,0,2023-08-12
ny,2023-08-12,1124.0,1124.0,0.1342078708375378,1,2023-08-19
ny,2023-08-19,1190.0,1190.0,0.0587188612099644,0,2023-08-26
ny,2023-08-26,1377.0,1377.0,0.1571428571428571,1,2023-09-02
ny,2023-09-02,1674.0,1674.0,0.2156862745098039,1,2023-09-09
ny,2023-09-09,1706.0,1706.0,0.019115890083632,0,2023-09-16
ny,2023-09-16,1746.0,1746.0,0.0234466588511137,0,2023-09-23
ny,2023-09-23,1918.0,1918.0,0.0985108820160366,0,2023-09-30
ny,2023-09-30,1888.0,1888.0,-0.0156412930135557,0,2023-10-07
ny,2023-10-07,1600.0,1600.0,-0.1525423728813559,0,2023-10-14
ny,2023-10-14,1379.0,1379.0,-0.138125,0,2023-10-21
ny,2023-10-21,1300.0,1300.0,-0.0572878897751994,0,2023-10-28
ny,2023-10-28,1116.0,1116.0,-0.1415384615384615,0,2023-11-04
ny,2023-11-04,1163.0,1163.0,0.0421146953405017,0,2023-11-11
ny,2023-11-11,1207.0,1207.0,0.0378331900257953,0,2023-11-18
ny,2023-11-18,1499.0,1499.0,0.2419221209610604,1,2023-11-25
ny,2023-11-25,1776.0,1776.0,0.1847898599066044,1,2023-12-02
ny,2023-12-02,1839.0,1839.0,0.0354729729729729,0,2023-12-09
ny,2023-12-09,2042.0,2042.0,0.1103860793909733,1,2023-12-16
ny,2023-12-16,2625.0,2625.0,0.2855044074436826,1,2023-12-23
ny,2023-12-23,3283.0,3283.0,0.2506666666666666,1,2023-12-30
ny,2023-12-30,3672.0,3672.0,0.1184891867194639,1,2024-01-06
ny,2024-01-06,3324.0,3324.0,-0.0947712418300653,0,2024-01-13
ny,2024-01-13,2770.0,2770.0,-0.1666666666666666,0,2024-01-20
ny,2024-01-20,2276.0,2276.0,-0.1783393501805054,0,2024-01-27
ny,2024-01-27,1919.0,1919.0,-0.156854130052724,0,2024-02-03
ny,2024-02-03,1786.0,1786.0,-0.0693069306930693,0,2024-02-10
ny,2024-02-10,1503.0,1503.0,-0.1584546472564389,0,2024-02-17
ny,2024-02-17,1267.0,1267.0,-0.1570192947438456,0,2024-02-24
ny,2024-02-24,1104.0,1104.0,-0.1286503551696922,0,2024-03-02
ny,2024-03-02,882.0,882.0,-0.2010869565217391,0,2024-03-09
ny,2024-03-09,693.0,693.0,-0.2142857142857142,0,2024-03-16
ny,2024-03-16,637.0,637.0,-0.0808080808080808,0,2024-03-23
ny,2024-03-23,533.0,533.0,-0.1632653061224489,0,2024-03-30
ny,2024-03-30,546.0,546.0,0.024390243902439,0,2024-04-06
ny,2024-04-06,525.0,525.0,-0.0384615384615384,0,2024-04-13
ny,2024-04-13,443.0,443.0,-0.1561904761904761,0,2024-04-20
ny,2024-04-20,425.0,425.0,-0.0406320541760722,0,2024-04-27
ny,2024-10-26,232.0,232.0,,0,2024-11-02
ny,2024-11-02,423.0,423.0,0.8232758620689655,0,2024-11-09
ny,2024-11-09,389.0,389.0,-0.0803782505910165,0,2024-11-16
ny,2024-11-16,409.0,409.0,0.0514138817480719,0,2024-11-23
ny,2024-11-23,382.0,382.0,-0.0660146699266503,0,2024-11-30
ny,2024-11-30,480.0,480.0,0.256544502617801,0,2024-12-07
ny,2024-12-07,506.0,506.0,0.0541666666666666,0,2024-12-14
ny,2024-12-14,632.0,632.0,0.2490118577075099,0,2024-12-21
ny,2024-12-21,721.0,721.0,0.1408227848101265,0,2024-12-28
ny,2024-12-28,1070.0,1070.0,0.4840499306518724,0,2025-01-04
ny,2025-01-04,934.0,934.0,-0.1271028037383177,0,2025-01-11
ny,2025-01-11,873.0,873.0,-0.0653104925053533,0,2025-01-18
ny,2025-01-18,805.0,805.0,-0.0778923253150057,0,2025-01-25
ny,2025-01-25,835.0,835.0,0.0372670807453416,0,2025-02-01
ny,2025-02-01,811.0,811.0,-0.0287425149700598,0,2025-02-08
ny,2025-02-08,825.0,825.0,0.0172626387176325,0,2025-02-15
ny,2025-02-15,712.0,712.0,-0.1369696969696969,0,2025-02-22
ny,2025-02-22,788.0,788.0,0.1067415730337078,0,2025-03-01
ny,2025-03-01,744.0,744.0,-0.0558375634517766,0,2025-03-08
ny,2025-03-08,727.0,727.0,-0.0228494623655914,0,2025-03-15
ny,2025-03-15,783.0,783.0,0.077028885832187,0,2025-03-22
ny,2025-03-22,832.0,832.0,0.0625798212005108,0,2025-03-29
ny,2025-03-29,727.0,727.0,-0.126201923076923,0,2025-04-05
ny,2025-04-05,719.0,719.0,-0.0110041265474552,0,2025-04-12
ny,2025-04-12,711.0,711.0,-0.0111265646731571,0,2025-04-19
ny,2025-04-19,692.0,692.0,-0.0267229254571026,0,2025-04-26
ny,2025-04-26,590.0,590.0,-0.1473988439306358,0,2025-05-03
ny,2025-05-03,424.0,424.0,-0.2813559322033898,0,2025-05-10
ny,2025-05-10,391.0,391.0,-0.0778301886792452,0,2025-05-17
ny,2025-05-17,291.0,291.0,-0.2557544757033248,0,2025-05-24
ny,2025-05-24,319.0,319.0,0.0962199312714776,0,2025-05-31
ny,2025-05-31,314.0,314.0,-0.0156739811912225,0,2025-06-07
ny,2025-06-07,269.0,269.0,-0.143312101910828,0,2025-06-14
ny,2025-06-14,276.0,276.0,0.0260223048327137,0,2025-06-21
ny,2025-06-21,214.0,214.0,-0.2246376811594203,0,2025-06-28
ny,2025-06-28,228.0,228.0,0.0654205607476635,0,2025-07-05
ny,2025-07-05,231.0,231.0,0.0131578947368421,0,2025-07-12
ny,2025-07-12,275.0,275.0,0.1904761904761904,0,2025-07-19
ny,2025-07-19,291.0,291.0,0.0581818181818181,0,2025-07-26
ny,2025-07-26,352.0,352.0,0.2096219931271477,0,2025-08-02
ny,2025-08-02,368.0,368.0,0.0454545454545454,0,2025-08-09
ny,2025-08-09,419.0,419.0,0.1385869565217391,0,2025-08-16
ny,2025-08-16,430.0,430.0,0.026252983293556,0,2025-08-23
ny,2025-08-23,420.0,420.0,-0.0232558139534883,0,2025-08-30
ny,2025-08-30,481.0,481.0,0.1452380952380952,0,2025-09-06
ny,2025-09-06,461.0,461.0,-0.0415800415800415,0,2025-09-13
ny,2025-09-13,568.0,568.0,0.2321041214750542,0,2025-09-20
ny,2025-09-20,549.0,549.0,-0.0334507042253521,0,2025-09-27
ny,2025-09-27,462.0,462.0,-0.1584699453551912,0,2025-10-04
ny,2025-10-04,426.0,426.0,-0.0779220779220779,0,2025-10-11
ny,2025-10-11,339.0,339.0,-0.204225352112676,0,2025-10-18
ny,2025-10-18,280.0,280.0,-0.1740412979351032,0,2025-10-25
ny,2025-10-25,259.0,259.0,-0.075,0,2025-11-01
ny,2025-11-01,244.0,244.0,-0.0579150579150579,0,2025-11-08
ny,2025-11-08,245.0,245.0,0.0040983606557377,0,2025-11-15
ny,2025-11-15,242.0,242.0,-0.0122448979591836,0,2025-11-22
ny,2025-11-22,282.0,282.0,0.1652892561983471,0,2025-11-29
ny,2025-11-29,304.0,304.0,0.0780141843971631,0,2025-12-06
ny,2025-12-06,339.0,339.0,0.1151315789473684,0,2025-12-13
ny,2025-12-13,372.0,372.0,0.0973451327433628,0,2025-12-20
ny,2025-12-20,438.0,438.0,0.1774193548387097,0,2025-12-27
ny,2025-12-27,515.0,515.0,0.1757990867579908,0,2026-01-03
ny,2026-01-03,449.0,449.0,-0.1281553398058252,0,2026-01-10
ny,2026-01-10,400.0,400.0,-0.1091314031180401,0,2026-01-17
ny,2026-01-17,328.0,328.0,-0.18,0,2026-01-24
ny,2026-01-24,345.0,345.0,0.0518292682926829,0,2026-01-31
ny,2026-01-31,333.0,333.0,-0.0347826086956521,0,2026-02-07
ny,2026-02-07,323.0,323.0,-0.03003003003003,0,2026-02-14
ny,2026-02-14,411.0,411.0,0.2724458204334365,0,2026-02-21
ny,2026-02-21,394.0,394.0,-0.0413625304136253,0,2026-02-28
ny,2026-02-28,319.0,319.0,-0.1903553299492385,0,2026-03-07
ny,2026-03-07,302.0,302.0,-0.0532915360501567,0,2026-03-14
ny,2026-03-14,301.0,301.0,-0.0033112582781456,0,2026-03-21
ny,2026-03-21,204.0,204.0,-0.3222591362126246,0,2026-03-28
ny,2026-03-28,184.0,184.0,-0.0980392156862745,0,2026-04-04
ny,2026-04-04,193.0,193.0,0.0489130434782608,0,2026-04-11
ny,2026-04-11,170.0,170.0,-0.1191709844559585,0,2026-04-18
ny,2026-04-18,157.0,157.0,-0.0764705882352941,0,2026-04-25
ny,2026-04-25,157.0,157.0,0.0,0,2026-05-02
ny,2026-05-02,110.0,110.0,-0.2993630573248407,0,2026-05-09
ny,2026-05-09,100.0,100.0,-0.0909090909090909,0,2026-05-16
ny,2026-05-16,94.0,94.0,-0.06,0,2026-05-23
ny,2026-05-23,72.0,72.0,-0.2340425531914893,0,2026-05-30
ny,2026-05-30,55.0,55.0,-0.2361111111111111,0,2026-06-06
ny,2026-06-06,53.0,53.0,-0.0363636363636363,0,2026-06-13
ny,2026-06-13,46.0,46.0,-0.1320754716981132,0,2026-06-20
ny,2026-06-20,24.0,24.0,-0.4782608695652174,0,2026-06-27
ny,2026-06-27,59.0,59.0,1.4583333333333333,0,2026-07-04
oh,2022-01-01,6868.0,6868.0,0.1921541399062662,1,2022-01-08
oh,2022-01-08,6923.0,6923.0,0.0080081537565521,0,2022-01-15
oh,2022-01-15,5464.0,5464.0,-0.2107467860754008,0,2022-01-22
oh,2022-01-22,4578.0,4578.0,-0.1621522693997071,0,2022-01-29
oh,2022-01-29,3277.0,3277.0,-0.2841852337265181,0,2022-02-05
oh,2022-02-05,2541.0,2541.0,-0.2245956667683857,0,2022-02-12
oh,2022-02-12,1632.0,1632.0,-0.3577331759149941,0,2022-02-19
oh,2022-02-19,1106.0,1106.0,-0.3223039215686274,0,2022-02-26
oh,2022-02-26,825.0,825.0,-0.2540687160940325,0,2022-03-05
oh,2022-03-05,592.0,592.0,-0.2824242424242424,0,2022-03-12
oh,2022-03-12,508.0,508.0,-0.1418918918918918,0,2022-03-19
oh,2022-03-19,386.0,386.0,-0.2401574803149606,0,2022-03-26
oh,2022-03-26,323.0,323.0,-0.1632124352331606,0,2022-04-02
oh,2022-04-02,312.0,312.0,-0.0340557275541795,0,2022-04-09
oh,2022-04-09,360.0,360.0,0.1538461538461538,0,2022-04-16
oh,2022-04-16,391.0,391.0,0.0861111111111111,0,2022-04-23
oh,2022-04-23,443.0,443.0,0.1329923273657289,0,2022-04-30
oh,2022-04-30,609.0,609.0,0.3747178329571106,0,2022-05-07
oh,2022-05-07,738.0,738.0,0.2118226600985221,1,2022-05-14
oh,2022-05-14,865.0,865.0,0.1720867208672086,1,2022-05-21
oh,2022-05-21,1028.0,1028.0,0.1884393063583815,1,2022-05-28
oh,2022-05-28,1006.0,1006.0,-0.0214007782101167,0,2022-06-04
oh,2022-06-04,991.0,991.0,-0.014910536779324,0,2022-06-11
oh,2022-06-18,1038.0,1038.0,0.0846394984326018,0,2022-06-25
oh,2022-06-25,1056.0,1056.0,0.0173410404624277,0,2022-07-02
oh,2022-07-16,1620.0,1620.0,0.1328671328671328,1,2022-07-23
oh,2026-04-04,14.0,14.0,-0.0666666666666666,0,2026-04-11
oh,2026-04-11,15.0,15.0,0.0714285714285714,0,2026-04-18
oh,2026-04-18,44.0,44.0,1.9333333333333331,0,2026-04-25
oh,2026-04-25,44.0,44.0,0.0,0,2026-05-02
oh,2026-05-02,28.0,28.0,-0.3636363636363636,0,2026-05-09
oh,2026-05-09,28.0,28.0,0.0,0,2026-05-16
oh,2026-05-16,19.0,19.0,-0.3214285714285714,0,2026-05-23
oh,2026-05-23,23.0,23.0,0.2105263157894736,0,2026-05-30
oh,2026-05-30,24.0,24.0,0.0434782608695652,0,2026-06-06
oh,2026-06-06,22.0,22.0,-0.0833333333333333,0,2026-06-13
oh,2026-06-13,9.0,9.0,-0.5909090909090909,0,2026-06-20
oh,2026-06-20,17.0,17.0,0.8888888888888888,0,2026-06-27
ok,2023-06-03,59.0,59.0,0.0925925925925925,0,2023-06-10
ok,2023-06-17,51.0,51.0,0.02,0,2023-06-24
ok,2024-11-09,73.0,73.0,0.140625,0,2024-11-16
ok,2025-08-09,39.0,39.0,0.3,0,2025-08-16
ok,2025-08-16,34.0,34.0,-0.1282051282051282,0,2025-08-23
ok,2025-11-08,36.0,36.0,-0.217391304347826,0,2025-11-15
ok,2026-04-18,10.0,10.0,0.6666666666666666,0,2026-04-25
ok,2026-05-02,8.0,8.0,0.3333333333333333,0,2026-05-09
ok,2026-05-16,4.0,4.0,-0.4285714285714285,0,2026-05-23
ok,2026-05-23,10.0,10.0,1.5,0,2026-05-30
ok,2026-05-30,4.0,4.0,-0.6,0,2026-06-06
ok,2026-06-06,11.0,11.0,1.75,0,2026-06-13
ok,2026-06-13,8.0,8.0,-0.2727272727272727,0,2026-06-20
ok,2026-06-20,13.0,13.0,0.625,0,2026-06-27
ok,2026-06-27,7.0,7.0,-0.4615384615384615,0,2026-07-04
or,2022-01-01,527.0,527.0,0.4761904761904761,1,2022-01-08
or,2022-03-05,235.0,235.0,-0.3361581920903955,0,2022-03-12
or,2022-03-12,189.0,189.0,-0.1957446808510638,0,2022-03-19
or,2022-03-19,127.0,127.0,-0.328042328042328,0,2022-03-26
or,2022-03-26,90.0,90.0,-0.2913385826771653,0,2022-04-02
or,2022-04-02,103.0,103.0,0.1444444444444444,0,2022-04-09
or,2022-04-09,125.0,125.0,0.2135922330097087,0,2022-04-16
or,2022-04-16,145.0,145.0,0.16,0,2022-04-23
or,2022-05-07,255.0,255.0,0.1915887850467289,1,2022-05-14
or,2022-05-21,346.0,346.0,0.1233766233766233,1,2022-05-28
or,2022-06-11,369.0,369.0,0.0726744186046511,0,2022-06-18
or,2022-06-18,443.0,443.0,0.2005420054200542,1,2022-06-25
or,2022-07-30,439.0,439.0,-0.1059063136456211,0,2022-08-06
or,2022-08-20,331.0,331.0,-0.0148809523809523,0,2022-08-27
or,2022-10-01,236.0,236.0,-0.1026615969581749,0,2022-10-08
or,2022-12-03,350.0,350.0,-0.1315136476426799,0,2022-12-10
or,2022-12-10,398.0,398.0,0.1371428571428571,1,2022-12-17
or,2022-12-17,325.0,325.0,-0.1834170854271356,0,2022-12-24
or,2022-12-24,334.0,334.0,0.0276923076923076,0,2022-12-31
or,2023-01-07,277.0,277.0,-0.0415224913494809,0,2023-01-14
or,2023-01-14,239.0,239.0,-0.1371841155234657,0,2023-01-21
or,2023-01-21,229.0,229.0,-0.0418410041841004,0,2023-01-28
or,2023-01-28,237.0,237.0,0.0349344978165938,0,2023-02-04
or,2023-02-04,228.0,228.0,-0.0379746835443038,0,2023-02-11
or,2023-02-11,283.0,283.0,0.2412280701754386,1,2023-02-18
or,2023-02-18,223.0,223.0,-0.2120141342756183,0,2023-02-25
or,2023-02-25,223.0,223.0,0.0,0,2023-03-04
or,2023-03-25,175.0,175.0,-0.1745283018867924,0,2023-04-01
or,2023-04-15,127.0,127.0,0.0079365079365079,0,2023-04-22
or,2023-04-22,131.0,131.0,0.0314960629921259,0,2023-04-29
or,2023-04-29,114.0,114.0,-0.1297709923664122,0,2023-05-06
or,2023-05-06,109.0,109.0,-0.043859649122807,0,2023-05-13
or,2023-05-13,105.0,105.0,-0.036697247706422,0,2023-05-20
or,2023-05-20,70.0,70.0,-0.3333333333333333,0,2023-05-27
or,2023-06-10,64.0,64.0,-0.1578947368421052,0,2023-06-17
or,2023-06-24,80.0,80.0,0.1428571428571428,0,2023-07-01
or,2023-07-01,82.0,82.0,0.025,0,2023-07-08
or,2023-09-09,271.0,271.0,0.0,0,2023-09-16
or,2023-09-23,318.0,318.0,0.2091254752851711,1,2023-09-30
or,2023-09-30,312.0,312.0,-0.0188679245283018,0,2023-10-07
or,2023-11-04,201.0,201.0,-0.0336538461538461,0,2023-11-11
or,2023-11-18,184.0,184.0,-0.0160427807486631,0,2023-11-25
or,2023-11-25,229.0,229.0,0.2445652173913043,1,2023-12-02
or,2023-12-02,204.0,204.0,-0.1091703056768559,0,2023-12-09
or,2023-12-16,208.0,208.0,0.0,0,2023-12-23
or,2023-12-23,298.0,298.0,0.4326923076923077,1,2023-12-30
or,2024-01-20,216.0,216.0,-0.1074380165289256,0,2024-01-27
or,2024-01-27,206.0,206.0,-0.0462962962962962,0,2024-02-03
or,2024-02-03,166.0,166.0,-0.1941747572815534,0,2024-02-10
or,2024-02-10,179.0,179.0,0.0783132530120482,0,2024-02-17
or,2024-02-17,191.0,191.0,0.0670391061452514,0,2024-02-24
or,2024-02-24,150.0,150.0,-0.2146596858638743,0,2024-03-02
or,2024-03-02,129.0,129.0,-0.14,0,2024-03-09
or,2024-03-09,141.0,141.0,0.0930232558139534,0,2024-03-16
or,2024-03-16,129.0,129.0,-0.0851063829787234,0,2024-03-23
or,2024-03-23,82.0,82.0,-0.3643410852713178,0,2024-03-30
or,2024-03-30,80.0,80.0,-0.024390243902439,0,2024-04-06
or,2024-04-06,80.0,80.0,0.0,0,2024-04-13
or,2024-04-13,63.0,63.0,-0.2125,0,2024-04-20
or,2024-04-20,45.0,45.0,-0.2857142857142857,0,2024-04-27
or,2024-11-02,79.0,79.0,0.3389830508474576,0,2024-11-09
or,2024-11-16,61.0,61.0,-0.1973684210526315,0,2024-11-23
or,2024-11-23,54.0,54.0,-0.1147540983606557,0,2024-11-30
or,2024-11-30,59.0,59.0,0.0925925925925925,0,2024-12-07
or,2024-12-07,72.0,72.0,0.2203389830508474,0,2024-12-14
or,2024-12-14,74.0,74.0,0.0277777777777777,0,2024-12-21
or,2024-12-21,86.0,86.0,0.1621621621621621,0,2024-12-28
or,2024-12-28,122.0,122.0,0.4186046511627907,0,2025-01-04
or,2025-01-04,79.0,79.0,-0.3524590163934426,0,2025-01-11
or,2025-01-11,82.0,82.0,0.0379746835443038,0,2025-01-18
or,2025-01-18,54.0,54.0,-0.3414634146341463,0,2025-01-25
or,2025-01-25,65.0,65.0,0.2037037037037037,0,2025-02-01
or,2025-02-08,67.0,67.0,-0.0289855072463768,0,2025-02-15
or,2025-03-08,46.0,46.0,-0.1320754716981132,0,2025-03-15
or,2025-03-15,38.0,38.0,-0.1739130434782608,0,2025-03-22
or,2025-03-29,42.0,42.0,0.024390243902439,0,2025-04-05
or,2025-04-05,46.0,46.0,0.0952380952380952,0,2025-04-12
or,2025-04-12,45.0,45.0,-0.0217391304347826,0,2025-04-19
or,2025-04-19,42.0,42.0,-0.0666666666666666,0,2025-04-26
or,2025-04-26,56.0,56.0,0.3333333333333333,0,2025-05-03
or,2025-05-03,32.0,32.0,-0.4285714285714285,0,2025-05-10
or,2025-05-10,54.0,54.0,0.6875,0,2025-05-17
or,2025-05-17,43.0,43.0,-0.2037037037037037,0,2025-05-24
or,2025-05-24,59.0,59.0,0.3720930232558139,0,2025-05-31
or,2025-05-31,42.0,42.0,-0.288135593220339,0,2025-06-07
or,2025-06-07,35.0,35.0,-0.1666666666666666,0,2025-06-14
or,2025-06-14,48.0,48.0,0.3714285714285714,0,2025-06-21
or,2025-06-21,57.0,57.0,0.1875,0,2025-06-28
or,2025-06-28,56.0,56.0,-0.0175438596491228,0,2025-07-05
or,2025-07-12,49.0,49.0,-0.234375,0,2025-07-19
or,2025-07-26,81.0,81.0,0.1911764705882352,0,2025-08-02
or,2025-08-16,110.0,110.0,0.0784313725490196,0,2025-08-23
or,2025-08-23,105.0,105.0,-0.0454545454545454,0,2025-08-30
or,2025-08-30,131.0,131.0,0.2476190476190476,0,2025-09-06
or,2025-09-27,133.0,133.0,0.2314814814814814,0,2025-10-04
or,2025-10-25,64.0,64.0,0.032258064516129,0,2025-11-01
or,2025-11-01,39.0,39.0,-0.390625,0,2025-11-08
or,2025-11-08,46.0,46.0,0.1794871794871795,0,2025-11-15
or,2025-11-15,40.0,40.0,-0.1304347826086956,0,2025-11-22
or,2025-11-22,42.0,42.0,0.05,0,2025-11-29
or,2025-11-29,32.0,32.0,-0.238095238095238,0,2025-12-06
or,2025-12-06,26.0,26.0,-0.1875,0,2025-12-13
or,2025-12-13,27.0,27.0,0.0384615384615384,0,2025-12-20
or,2025-12-20,24.0,24.0,-0.1111111111111111,0,2025-12-27
or,2025-12-27,30.0,30.0,0.25,0,2026-01-03
or,2026-01-03,26.0,26.0,-0.1333333333333333,0,2026-01-10
or,2026-01-10,21.0,21.0,-0.1923076923076923,0,2026-01-17
or,2026-01-17,21.0,21.0,0.0,0,2026-01-24
or,2026-01-24,26.0,26.0,0.238095238095238,0,2026-01-31
or,2026-01-31,17.0,17.0,-0.3461538461538461,0,2026-02-07
or,2026-02-07,29.0,29.0,0.7058823529411765,0,2026-02-14
or,2026-02-14,27.0,27.0,-0.0689655172413793,0,2026-02-21
or,2026-02-21,8.0,8.0,-0.7037037037037037,0,2026-02-28
or,2026-02-28,17.0,17.0,1.125,0,2026-03-07
or,2026-03-07,18.0,18.0,0.0588235294117647,0,2026-03-14
or,2026-03-14,17.0,17.0,-0.0555555555555555,0,2026-03-21
or,2026-03-21,9.0,9.0,-0.4705882352941176,0,2026-03-28
or,2026-03-28,3.0,3.0,-0.6666666666666666,0,2026-04-04
or,2026-04-04,4.0,4.0,0.3333333333333333,0,2026-04-11
or,2026-04-11,3.0,3.0,-0.25,0,2026-04-18
or,2026-04-18,9.0,9.0,2.0,0,2026-04-25
or,2026-04-25,8.0,8.0,-0.1111111111111111,0,2026-05-02
or,2026-05-02,8.0,8.0,0.0,0,2026-05-09
or,2026-05-09,6.0,6.0,-0.25,0,2026-05-16
or,2026-05-16,7.0,7.0,0.1666666666666666,0,2026-05-23
or,2026-05-23,6.0,6.0,-0.1428571428571428,0,2026-05-30
or,2026-05-30,1.0,1.0,-0.8333333333333334,0,2026-06-06
or,2026-06-06,11.0,11.0,10.0,0,2026-06-13
or,2026-06-13,10.0,10.0,-0.0909090909090909,0,2026-06-20
or,2026-06-20,8.0,8.0,-0.2,0,2026-06-27
or,2026-06-27,8.0,8.0,0.0,0,2026-07-04
pa,2022-02-19,1233.0,1233.0,-0.2220820189274448,0,2022-02-26
pa,2022-02-26,993.0,993.0,-0.194647201946472,0,2022-03-05
pa,2022-03-05,666.0,666.0,-0.3293051359516616,0,2022-03-12
pa,2022-03-12,510.0,510.0,-0.2342342342342342,0,2022-03-19
pa,2022-03-19,370.0,370.0,-0.2745098039215686,0,2022-03-26
pa,2022-03-26,350.0,350.0,-0.054054054054054,0,2022-04-02
pa,2022-04-02,319.0,319.0,-0.0885714285714285,0,2022-04-09
pa,2022-04-09,387.0,387.0,0.2131661442006269,0,2022-04-16
pa,2022-05-07,1033.0,1033.0,0.3329032258064516,1,2022-05-14
pa,2022-06-18,1004.0,1004.0,-0.0755064456721915,0,2022-06-25
pa,2022-10-01,1478.0,1478.0,0.0306834030683403,0,2022-10-08
pa,2022-10-29,1448.0,1448.0,0.0577063550036523,0,2022-11-05
pa,2022-11-12,1259.0,1259.0,-0.1146272855133614,0,2022-11-19
pa,2022-12-31,1816.0,1816.0,0.0828861061419201,0,2023-01-07
pa,2023-02-11,1291.0,1291.0,-0.0160060975609756,0,2023-02-18
pa,2023-02-18,1199.0,1199.0,-0.0712625871417505,0,2023-02-25
pa,2023-04-01,567.0,567.0,-0.1473684210526315,0,2023-04-08
pa,2023-04-08,440.0,440.0,-0.2239858906525573,0,2023-04-15
pa,2023-04-15,413.0,413.0,-0.0613636363636363,0,2023-04-22
pa,2023-04-22,330.0,330.0,-0.2009685230024213,0,2023-04-29
pa,2023-04-29,316.0,316.0,-0.0424242424242424,0,2023-05-06
pa,2023-05-06,394.0,394.0,0.2468354430379747,0,2023-05-13
pa,2023-05-13,266.0,266.0,-0.3248730964467005,0,2023-05-20
pa,2023-05-20,251.0,251.0,-0.056390977443609,0,2023-05-27
pa,2023-05-27,239.0,239.0,-0.047808764940239,0,2023-06-03
pa,2023-06-03,221.0,221.0,-0.0753138075313807,0,2023-06-10
pa,2023-06-10,225.0,225.0,0.0180995475113122,0,2023-06-17
pa,2023-06-17,177.0,177.0,-0.2133333333333333,0,2023-06-24
pa,2023-06-24,187.0,187.0,0.0564971751412429,0,2023-07-01
pa,2023-07-01,212.0,212.0,0.1336898395721925,0,2023-07-08
pa,2023-07-08,232.0,232.0,0.0943396226415094,0,2023-07-15
pa,2023-07-15,225.0,225.0,-0.0301724137931034,0,2023-07-22
pa,2023-07-22,278.0,278.0,0.2355555555555555,0,2023-07-29
pa,2023-07-29,291.0,291.0,0.0467625899280575,0,2023-08-05
pa,2023-08-05,387.0,387.0,0.3298969072164948,0,2023-08-12
pa,2023-08-12,443.0,443.0,0.1447028423772609,0,2023-08-19
pa,2023-08-19,485.0,485.0,0.0948081264108352,0,2023-08-26
pa,2023-08-26,575.0,575.0,0.1855670103092783,0,2023-09-02
pa,2023-09-09,655.0,655.0,-0.1426701570680628,0,2023-09-16
pa,2023-09-23,704.0,704.0,-0.0997442455242966,0,2023-09-30
pa,2023-10-07,653.0,653.0,-0.1211305518169582,0,2023-10-14
pa,2023-10-14,762.0,762.0,0.1669218989280245,1,2023-10-21
pa,2023-10-21,793.0,793.0,0.0406824146981627,0,2023-10-28
pa,2023-12-16,1415.0,1415.0,0.222990492653414,1,2023-12-23
pa,2023-12-23,1806.0,1806.0,0.2763250883392226,1,2023-12-30
pa,2024-01-06,1490.0,1490.0,-0.1817682591982427,0,2024-01-13
pa,2024-01-20,998.0,998.0,-0.140396210163652,0,2024-01-27
pa,2024-01-27,866.0,866.0,-0.1322645290581162,0,2024-02-03
pa,2024-03-09,438.0,438.0,-0.2093862815884476,0,2024-03-16
pa,2024-03-16,406.0,406.0,-0.0730593607305936,0,2024-03-23
pa,2024-03-30,359.0,359.0,0.0813253012048192,0,2024-04-06
pa,2024-04-06,324.0,324.0,-0.0974930362116991,0,2024-04-13
pa,2024-04-13,255.0,255.0,-0.2129629629629629,0,2024-04-20
pa,2024-04-20,174.0,174.0,-0.3176470588235294,0,2024-04-27
pa,2024-10-26,431.0,431.0,,0,2024-11-02
pa,2024-11-09,1021.0,1021.0,0.1170678336980306,1,2024-11-16
pa,2024-11-16,1038.0,1038.0,0.0166503428011753,0,2024-11-23
pa,2024-11-23,657.0,657.0,-0.3670520231213873,0,2024-11-30
pa,2024-11-30,1024.0,1024.0,0.558599695585997,1,2024-12-07
pa,2024-12-14,1071.0,1071.0,0.3748395378690629,1,2024-12-21
pa,2024-12-21,1160.0,1160.0,0.0830999066293183,0,2024-12-28
pa,2024-12-28,1341.0,1341.0,0.1560344827586207,1,2025-01-04
pa,2025-01-04,1488.0,1488.0,0.1096196868008948,1,2025-01-11
pa,2025-01-11,1661.0,1661.0,0.116263440860215,1,2025-01-18
pa,2025-01-18,1510.0,1510.0,-0.0909090909090909,0,2025-01-25
pa,2025-02-01,1342.0,1342.0,-0.1130204890945142,0,2025-02-08
pa,2025-02-08,1169.0,1169.0,-0.1289120715350223,0,2025-02-15
pa,2025-02-15,1102.0,1102.0,-0.0573139435414884,0,2025-02-22
pa,2025-02-22,1025.0,1025.0,-0.0698729582577132,0,2025-03-01
pa,2025-03-01,852.0,852.0,-0.168780487804878,0,2025-03-08
pa,2025-03-08,749.0,749.0,-0.1208920187793427,0,2025-03-15
pa,2025-03-15,650.0,650.0,-0.1321762349799733,0,2025-03-22
pa,2025-03-22,632.0,632.0,-0.0276923076923076,0,2025-03-29
pa,2025-03-29,436.0,436.0,-0.310126582278481,0,2025-04-05
pa,2025-04-05,365.0,365.0,-0.1628440366972477,0,2025-04-12
pa,2025-04-12,354.0,354.0,-0.0301369863013698,0,2025-04-19
pa,2025-04-19,337.0,337.0,-0.0480225988700565,0,2025-04-26
pa,2025-04-26,262.0,262.0,-0.2225519287833827,0,2025-05-03
pa,2025-05-03,222.0,222.0,-0.1526717557251908,0,2025-05-10
pa,2025-05-10,153.0,153.0,-0.3108108108108108,0,2025-05-17
pa,2025-05-17,149.0,149.0,-0.0261437908496732,0,2025-05-24
pa,2025-05-24,147.0,147.0,-0.0134228187919463,0,2025-05-31
pa,2025-05-31,136.0,136.0,-0.0748299319727891,0,2025-06-07
pa,2025-06-07,145.0,145.0,0.0661764705882353,0,2025-06-14
pa,2025-06-14,129.0,129.0,-0.1103448275862069,0,2025-06-21
pa,2025-06-21,120.0,120.0,-0.0697674418604651,0,2025-06-28
pa,2025-06-28,127.0,127.0,0.0583333333333333,0,2025-07-05
pa,2025-07-05,116.0,116.0,-0.0866141732283464,0,2025-07-12
pa,2025-07-12,124.0,124.0,0.0689655172413793,0,2025-07-19
pa,2025-07-19,206.0,206.0,0.6612903225806451,0,2025-07-26
pa,2025-07-26,230.0,230.0,0.116504854368932,0,2025-08-02
pa,2025-08-02,292.0,292.0,0.2695652173913043,0,2025-08-09
pa,2025-08-09,317.0,317.0,0.0856164383561643,0,2025-08-16
pa,2025-08-16,373.0,373.0,0.1766561514195583,0,2025-08-23
pa,2025-08-23,416.0,416.0,0.1152815013404825,0,2025-08-30
pa,2025-08-30,483.0,483.0,0.1610576923076923,0,2025-09-06
pa,2025-09-06,453.0,453.0,-0.062111801242236,0,2025-09-13
pa,2025-09-13,560.0,560.0,0.2362030905077262,0,2025-09-20
pa,2025-09-27,387.0,387.0,-0.1970954356846473,0,2025-10-04
pa,2025-10-04,347.0,347.0,-0.1033591731266149,0,2025-10-11
pa,2025-10-11,306.0,306.0,-0.1181556195965417,0,2025-10-18
pa,2025-10-18,296.0,296.0,-0.0326797385620915,0,2025-10-25
pa,2025-10-25,241.0,241.0,-0.1858108108108108,0,2025-11-01
pa,2025-11-01,247.0,247.0,0.0248962655601659,0,2025-11-08
pa,2025-11-08,279.0,279.0,0.1295546558704453,0,2025-11-15
pa,2025-11-15,275.0,275.0,-0.014336917562724,0,2025-11-22
pa,2025-11-22,317.0,317.0,0.1527272727272727,0,2025-11-29
pa,2025-11-29,369.0,369.0,0.1640378548895899,0,2025-12-06
pa,2025-12-06,419.0,419.0,0.1355013550135501,0,2025-12-13
pa,2025-12-13,493.0,493.0,0.1766109785202864,0,2025-12-20
pa,2025-12-20,676.0,676.0,0.3711967545638945,1,2025-12-27
pa,2025-12-27,922.0,922.0,0.363905325443787,1,2026-01-03
pa,2026-01-03,873.0,873.0,-0.0531453362255965,0,2026-01-10
pa,2026-01-31,612.0,612.0,-0.1181556195965417,0,2026-02-07
pa,2026-02-14,549.0,549.0,0.0477099236641221,0,2026-02-21
pa,2026-02-21,501.0,501.0,-0.087431693989071,0,2026-02-28
pa,2026-02-28,406.0,406.0,-0.1896207584830339,0,2026-03-07
pa,2026-03-07,384.0,384.0,-0.0541871921182266,0,2026-03-14
pa,2026-03-14,446.0,446.0,0.1614583333333333,0,2026-03-21
pa,2026-03-21,217.0,217.0,-0.5134529147982063,0,2026-03-28
pa,2026-03-28,154.0,154.0,-0.2903225806451613,0,2026-04-04
pa,2026-04-04,137.0,137.0,-0.1103896103896103,0,2026-04-11
pa,2026-04-11,173.0,173.0,0.2627737226277372,0,2026-04-18
pa,2026-04-18,132.0,132.0,-0.2369942196531791,0,2026-04-25
pa,2026-04-25,124.0,124.0,-0.0606060606060606,0,2026-05-02
pa,2026-05-02,124.0,124.0,0.0,0,2026-05-09
pa,2026-05-09,91.0,91.0,-0.2661290322580645,0,2026-05-16
pa,2026-05-16,76.0,76.0,-0.1648351648351648,0,2026-05-23
pa,2026-05-23,51.0,51.0,-0.3289473684210526,0,2026-05-30
pa,2026-05-30,56.0,56.0,0.0980392156862745,0,2026-06-06
pa,2026-06-06,55.0,55.0,-0.0178571428571428,0,2026-06-13
pa,2026-06-13,40.0,40.0,-0.2727272727272727,0,2026-06-20
pa,2026-06-20,47.0,47.0,0.175,0,2026-06-27
pa,2026-06-27,44.0,44.0,-0.0638297872340425,0,2026-07-04
ri,2024-04-20,18.0,18.0,-0.1,0,2024-04-27
ri,2024-10-26,15.0,15.0,,0,2024-11-02
ri,2024-11-16,31.0,31.0,0.4761904761904761,0,2024-11-23
ri,2024-11-23,21.0,21.0,-0.3225806451612903,0,2024-11-30
ri,2025-03-01,39.0,39.0,0.5,1,2025-03-08
ri,2025-03-22,32.0,32.0,-0.1794871794871795,0,2025-03-29
ri,2025-03-29,23.0,23.0,-0.28125,0,2025-04-05
ri,2025-04-05,22.0,22.0,-0.0434782608695652,0,2025-04-12
ri,2025-04-12,24.0,24.0,0.0909090909090909,0,2025-04-19
ri,2025-04-19,31.0,31.0,0.2916666666666667,0,2025-04-26
ri,2025-05-17,4.0,4.0,-0.75,0,2025-05-24
ri,2025-05-24,12.0,12.0,2.0,0,2025-05-31
ri,2025-05-31,25.0,25.0,1.0833333333333333,0,2025-06-07
ri,2025-06-07,12.0,12.0,-0.52,0,2025-06-14
ri,2025-06-14,13.0,13.0,0.0833333333333333,0,2025-06-21
ri,2025-06-21,11.0,11.0,-0.1538461538461538,0,2025-06-28
ri,2025-07-26,18.0,18.0,0.125,0,2025-08-02
ri,2025-11-01,22.0,22.0,0.5714285714285714,0,2025-11-08
ri,2025-11-08,12.0,12.0,-0.4545454545454545,0,2025-11-15
ri,2025-11-15,17.0,17.0,0.4166666666666667,0,2025-11-22
ri,2025-11-22,24.0,24.0,0.4117647058823529,0,2025-11-29
ri,2025-11-29,30.0,30.0,0.25,0,2025-12-06
ri,2025-12-06,41.0,41.0,0.3666666666666666,1,2025-12-13
ri,2025-12-20,71.0,71.0,0.6136363636363636,1,2025-12-27
ri,2025-12-27,74.0,74.0,0.0422535211267605,0,2026-01-03
ri,2026-01-10,41.0,41.0,-0.2407407407407407,0,2026-01-17
ri,2026-01-17,48.0,48.0,0.1707317073170731,1,2026-01-24
ri,2026-01-24,36.0,36.0,-0.25,0,2026-01-31
ri,2026-02-07,27.0,27.0,-0.1290322580645161,0,2026-02-14
ri,2026-02-28,23.0,23.0,-0.08,0,2026-03-07
ri,2026-03-14,17.0,17.0,-0.0555555555555555,0,2026-03-21
ri,2026-03-21,15.0,15.0,-0.1176470588235294,0,2026-03-28
ri,2026-03-28,14.0,14.0,-0.0666666666666666,0,2026-04-04
ri,2026-04-04,8.0,8.0,-0.4285714285714285,0,2026-04-11
ri,2026-04-11,13.0,13.0,0.625,0,2026-04-18
ri,2026-04-18,9.0,9.0,-0.3076923076923077,0,2026-04-25
ri,2026-04-25,6.0,6.0,-0.3333333333333333,0,2026-05-02
ri,2026-05-02,7.0,7.0,0.1666666666666666,0,2026-05-09
ri,2026-05-09,3.0,3.0,-0.5714285714285714,0,2026-05-16
ri,2026-05-16,5.0,5.0,0.6666666666666666,0,2026-05-23
ri,2026-05-23,3.0,3.0,-0.4,0,2026-05-30
ri,2026-05-30,0.0,0.0,-1.0,0,2026-06-06
ri,2026-06-06,1.0,1.0,,0,2026-06-13
ri,2026-06-13,3.0,3.0,2.0,0,2026-06-20
ri,2026-06-20,4.0,4.0,0.3333333333333333,0,2026-06-27
ri,2026-06-27,0.0,0.0,-1.0,0,2026-07-04
sc,2022-02-19,551.0,551.0,-0.3630057803468208,0,2022-02-26
sc,2022-02-26,387.0,387.0,-0.2976406533575317,0,2022-03-05
sc,2022-03-05,271.0,271.0,-0.2997416020671835,0,2022-03-12
sc,2022-03-12,163.0,163.0,-0.3985239852398524,0,2022-03-19
sc,2022-03-19,127.0,127.0,-0.2208588957055214,0,2022-03-26
sc,2022-03-26,91.0,91.0,-0.2834645669291338,0,2022-04-02
sc,2022-04-02,73.0,73.0,-0.1978021978021978,0,2022-04-09
sc,2022-10-22,253.0,253.0,0.1712962962962963,1,2022-10-29
sc,2022-10-29,244.0,244.0,-0.0355731225296442,0,2022-11-05
sc,2022-11-19,216.0,216.0,0.0536585365853658,0,2022-11-26
sc,2022-12-10,435.0,435.0,0.1820652173913043,1,2022-12-17
sc,2022-12-17,582.0,582.0,0.3379310344827586,1,2022-12-24
sc,2023-02-04,337.0,337.0,-0.1532663316582914,0,2023-02-11
sc,2023-02-18,278.0,278.0,-0.0639730639730639,0,2023-02-25
sc,2023-02-25,223.0,223.0,-0.197841726618705,0,2023-03-04
sc,2023-03-04,179.0,179.0,-0.1973094170403587,0,2023-03-11
sc,2023-03-11,165.0,165.0,-0.0782122905027933,0,2023-03-18
sc,2023-03-18,187.0,187.0,0.1333333333333333,0,2023-03-25
sc,2023-03-25,136.0,136.0,-0.2727272727272727,0,2023-04-01
sc,2023-04-01,154.0,154.0,0.1323529411764706,0,2023-04-08
sc,2023-04-08,125.0,125.0,-0.1883116883116883,0,2023-04-15
sc,2023-04-15,104.0,104.0,-0.168,0,2023-04-22
sc,2023-04-22,112.0,112.0,0.0769230769230769,0,2023-04-29
sc,2023-04-29,89.0,89.0,-0.2053571428571428,0,2023-05-06
sc,2023-05-06,96.0,96.0,0.0786516853932584,0,2023-05-13
sc,2023-05-13,90.0,90.0,-0.0625,0,2023-05-20
sc,2023-05-27,85.0,85.0,0.0240963855421686,0,2023-06-03
sc,2023-06-03,94.0,94.0,0.1058823529411764,0,2023-06-10
sc,2023-06-17,57.0,57.0,-0.2692307692307692,0,2023-06-24
sc,2023-06-24,83.0,83.0,0.4561403508771929,0,2023-07-01
sc,2023-07-01,75.0,75.0,-0.0963855421686747,0,2023-07-08
sc,2023-07-08,88.0,88.0,0.1733333333333333,0,2023-07-15
sc,2023-07-22,110.0,110.0,0.0784313725490196,0,2023-07-29
sc,2023-07-29,166.0,166.0,0.509090909090909,0,2023-08-05
sc,2023-08-05,250.0,250.0,0.5060240963855421,1,2023-08-12
sc,2023-08-12,251.0,251.0,0.004,0,2023-08-19
sc,2023-08-26,378.0,378.0,0.1489361702127659,1,2023-09-02
sc,2023-09-16,314.0,314.0,-0.1373626373626373,0,2023-09-23
sc,2023-09-23,271.0,271.0,-0.1369426751592356,0,2023-09-30
sc,2023-10-07,249.0,249.0,-0.0459770114942528,0,2023-10-14
sc,2023-10-28,209.0,209.0,-0.0324074074074074,0,2023-11-04
sc,2023-11-18,248.0,248.0,0.0553191489361702,0,2023-11-25
sc,2023-12-16,398.0,398.0,0.4850746268656716,1,2023-12-23
sc,2023-12-30,552.0,552.0,0.093069306930693,0,2024-01-06
sc,2024-02-24,369.0,369.0,-0.0107238605898123,0,2024-03-02
sc,2024-03-02,329.0,329.0,-0.1084010840108401,0,2024-03-09
sc,2024-03-09,238.0,238.0,-0.2765957446808511,0,2024-03-16
sc,2024-03-16,183.0,183.0,-0.2310924369747899,0,2024-03-23
sc,2024-03-23,179.0,179.0,-0.0218579234972677,0,2024-03-30
sc,2024-03-30,117.0,117.0,-0.3463687150837989,0,2024-04-06
sc,2024-04-06,112.0,112.0,-0.0427350427350427,0,2024-04-13
sc,2024-04-13,74.0,74.0,-0.3392857142857143,0,2024-04-20
sc,2024-04-20,67.0,67.0,-0.0945945945945946,0,2024-04-27
sc,2024-10-26,62.0,62.0,,0,2024-11-02
sc,2024-11-02,77.0,77.0,0.2419354838709677,0,2024-11-09
sc,2024-11-09,70.0,70.0,-0.0909090909090909,0,2024-11-16
sc,2024-11-16,72.0,72.0,0.0285714285714285,0,2024-11-23
sc,2024-11-23,67.0,67.0,-0.0694444444444444,0,2024-11-30
sc,2024-11-30,75.0,75.0,0.1194029850746268,0,2024-12-07
sc,2024-12-07,85.0,85.0,0.1333333333333333,0,2024-12-14
sc,2024-12-28,232.0,232.0,0.3809523809523809,1,2025-01-04
sc,2025-01-11,179.0,179.0,-0.0218579234972677,0,2025-01-18
sc,2025-02-08,147.0,147.0,-0.3130841121495327,0,2025-02-15
sc,2025-03-22,135.0,135.0,-0.1346153846153846,0,2025-03-29
sc,2025-03-29,149.0,149.0,0.1037037037037037,0,2025-04-05
sc,2025-04-05,100.0,100.0,-0.3288590604026846,0,2025-04-12
sc,2025-04-12,110.0,110.0,0.1,0,2025-04-19
sc,2025-04-19,90.0,90.0,-0.1818181818181818,0,2025-04-26
sc,2025-04-26,81.0,81.0,-0.1,0,2025-05-03
sc,2025-05-03,53.0,53.0,-0.345679012345679,0,2025-05-10
sc,2025-05-10,54.0,54.0,0.0188679245283018,0,2025-05-17
sc,2025-05-17,44.0,44.0,-0.1851851851851851,0,2025-05-24
sc,2025-05-24,45.0,45.0,0.0227272727272727,0,2025-05-31
sc,2025-05-31,42.0,42.0,-0.0666666666666666,0,2025-06-07
sc,2025-06-07,34.0,34.0,-0.1904761904761904,0,2025-06-14
sc,2025-06-14,44.0,44.0,0.2941176470588235,0,2025-06-21
sc,2025-06-21,45.0,45.0,0.0227272727272727,0,2025-06-28
sc,2025-06-28,45.0,45.0,0.0,0,2025-07-05
sc,2025-07-05,43.0,43.0,-0.0444444444444444,0,2025-07-12
sc,2025-07-12,54.0,54.0,0.2558139534883721,0,2025-07-19
sc,2025-07-19,54.0,54.0,0.0,0,2025-07-26
sc,2025-07-26,66.0,66.0,0.2222222222222222,0,2025-08-02
sc,2025-08-02,86.0,86.0,0.303030303030303,0,2025-08-09
sc,2025-08-09,145.0,145.0,0.686046511627907,0,2025-08-16
sc,2025-08-16,202.0,202.0,0.3931034482758621,0,2025-08-23
sc,2025-09-20,139.0,139.0,-0.147239263803681,0,2025-09-27
sc,2025-09-27,113.0,113.0,-0.1870503597122302,0,2025-10-04
sc,2025-10-04,96.0,96.0,-0.1504424778761062,0,2025-10-11
sc,2025-10-11,70.0,70.0,-0.2708333333333333,0,2025-10-18
sc,2025-10-18,53.0,53.0,-0.2428571428571428,0,2025-10-25
sc,2025-10-25,70.0,70.0,0.320754716981132,0,2025-11-01
sc,2025-11-01,52.0,52.0,-0.2571428571428571,0,2025-11-08
sc,2025-11-08,59.0,59.0,0.1346153846153846,0,2025-11-15
sc,2025-11-15,59.0,59.0,0.0,0,2025-11-22
sc,2025-11-22,35.0,35.0,-0.4067796610169492,0,2025-11-29
sc,2025-11-29,45.0,45.0,0.2857142857142857,0,2025-12-06
sc,2025-12-06,48.0,48.0,0.0666666666666666,0,2025-12-13
sc,2025-12-13,56.0,56.0,0.1666666666666666,0,2025-12-20
sc,2025-12-20,92.0,92.0,0.6428571428571429,0,2025-12-27
sc,2025-12-27,119.0,119.0,0.2934782608695652,0,2026-01-03
sc,2026-01-03,99.0,99.0,-0.1680672268907563,0,2026-01-10
sc,2026-01-10,71.0,71.0,-0.2828282828282828,0,2026-01-17
sc,2026-01-17,86.0,86.0,0.2112676056338028,0,2026-01-24
sc,2026-01-24,68.0,68.0,-0.2093023255813953,0,2026-01-31
sc,2026-01-31,73.0,73.0,0.0735294117647058,0,2026-02-07
sc,2026-02-07,94.0,94.0,0.2876712328767123,0,2026-02-14
sc,2026-02-14,97.0,97.0,0.0319148936170212,0,2026-02-21
sc,2026-02-21,90.0,90.0,-0.0721649484536082,0,2026-02-28
sc,2026-02-28,62.0,62.0,-0.3111111111111111,0,2026-03-07
sc,2026-03-07,70.0,70.0,0.1290322580645161,0,2026-03-14
sc,2026-03-14,81.0,81.0,0.1571428571428571,0,2026-03-21
sc,2026-03-21,20.0,20.0,-0.7530864197530864,0,2026-03-28
sc,2026-03-28,16.0,16.0,-0.2,0,2026-04-04
sc,2026-04-04,19.0,19.0,0.1875,0,2026-04-11
sc,2026-04-11,16.0,16.0,-0.1578947368421052,0,2026-04-18
sc,2026-04-18,38.0,38.0,1.375,0,2026-04-25
sc,2026-04-25,28.0,28.0,-0.2631578947368421,0,2026-05-02
sc,2026-05-02,27.0,27.0,-0.0357142857142857,0,2026-05-09
sc,2026-05-09,29.0,29.0,0.074074074074074,0,2026-05-16
sc,2026-05-16,31.0,31.0,0.0689655172413793,0,2026-05-23
sc,2026-05-23,14.0,14.0,-0.5483870967741935,0,2026-05-30
sc,2026-05-30,21.0,21.0,0.5,0,2026-06-06
sc,2026-06-06,16.0,16.0,-0.238095238095238,0,2026-06-13
sc,2026-06-13,12.0,12.0,-0.25,0,2026-06-20
sc,2026-06-20,10.0,10.0,-0.1666666666666666,0,2026-06-27
sc,2026-06-27,6.0,6.0,-0.4,0,2026-07-04
sd,2023-06-10,17.0,17.0,0.0,0,2023-06-17
sd,2023-06-17,7.0,7.0,-0.5882352941176471,0,2023-06-24
sd,2023-06-24,10.0,10.0,0.4285714285714285,0,2023-07-01
sd,2025-06-14,8.0,8.0,1.6666666666666667,0,2025-06-21
sd,2025-08-02,19.0,19.0,2.8,0,2025-08-09
sd,2025-08-09,10.0,10.0,-0.4736842105263157,0,2025-08-16
sd,2025-11-01,13.0,13.0,-0.1333333333333333,0,2025-11-08
sd,2025-11-22,14.0,14.0,0.1666666666666666,0,2025-11-29
sd,2026-04-04,14.0,14.0,2.5,0,2026-04-11
sd,2026-04-18,1.0,1.0,-0.75,0,2026-04-25
sd,2026-04-25,3.0,3.0,2.0,0,2026-05-02
sd,2026-05-02,3.0,3.0,0.0,0,2026-05-09
sd,2026-05-09,1.0,1.0,-0.6666666666666666,0,2026-05-16
sd,2026-05-16,0.0,0.0,-1.0,0,2026-05-23
sd,2026-05-23,5.0,5.0,,0,2026-05-30
sd,2026-05-30,5.0,5.0,0.0,0,2026-06-06
sd,2026-06-06,0.0,0.0,-1.0,0,2026-06-13
sd,2026-06-13,0.0,0.0,,0,2026-06-20
sd,2026-06-20,0.0,0.0,,0,2026-06-27
sd,2026-06-27,0.0,0.0,,0,2026-07-04
tn,2022-10-29,345.0,345.0,0.0518292682926829,0,2022-11-05
tn,2023-04-29,155.0,155.0,-0.0432098765432098,0,2023-05-06
tn,2023-05-06,157.0,157.0,0.0129032258064516,0,2023-05-13
tn,2023-05-27,93.0,93.0,-0.2439024390243902,0,2023-06-03
tn,2023-06-24,75.0,75.0,0.0,0,2023-07-01
tn,2023-07-08,94.0,94.0,0.1058823529411764,0,2023-07-15
tn,2024-04-06,136.0,136.0,-0.2879581151832461,0,2024-04-13
tx,2022-02-12,5094.0,5094.0,-0.3040983606557377,0,2022-02-19
tx,2022-02-19,3362.0,3362.0,-0.3400078523753435,0,2022-02-26
tx,2022-03-05,1806.0,1806.0,-0.2555647155812036,0,2022-03-12
tx,2022-03-19,1135.0,1135.0,-0.2007042253521127,0,2022-03-26
tx,2022-03-26,954.0,954.0,-0.1594713656387665,0,2022-04-02
tx,2022-04-02,929.0,929.0,-0.0262054507337526,0,2022-04-09
tx,2022-04-09,792.0,792.0,-0.147470398277718,0,2022-04-16
tx,2022-09-03,2831.0,2831.0,-0.0693622616699539,0,2022-09-10
tx,2022-09-10,2648.0,2648.0,-0.0646414694454256,0,2022-09-17
tx,2022-09-17,2223.0,2223.0,-0.1604984894259818,0,2022-09-24
tx,2022-11-12,1293.0,1293.0,0.0757071547420965,0,2022-11-19
tx,2023-01-07,3610.0,3610.0,-0.121654501216545,0,2023-01-14
tx,2023-01-14,2988.0,2988.0,-0.1722991689750692,0,2023-01-21
tx,2023-01-28,2279.0,2279.0,-0.1618242000735564,0,2023-02-04
tx,2023-05-20,728.0,728.0,-0.1218335343787696,0,2023-05-27
tx,2023-05-27,688.0,688.0,-0.0549450549450549,0,2023-06-03
tx,2023-06-03,639.0,639.0,-0.0712209302325581,0,2023-06-10
tx,2023-06-10,572.0,572.0,-0.1048513302034428,0,2023-06-17
tx,2023-06-17,477.0,477.0,-0.1660839160839161,0,2023-06-24
tx,2023-06-24,613.0,613.0,0.2851153039832285,0,2023-07-01
tx,2023-07-01,575.0,575.0,-0.0619902120717781,0,2023-07-08
tx,2023-07-08,738.0,738.0,0.2834782608695652,0,2023-07-15
tx,2023-07-15,821.0,821.0,0.1124661246612466,0,2023-07-22
tx,2023-07-29,1076.0,1076.0,0.198218262806236,0,2023-08-05
tx,2023-08-05,1213.0,1213.0,0.1273234200743494,1,2023-08-12
tx,2023-08-12,1492.0,1492.0,0.2300082440230832,1,2023-08-19
tx,2023-11-18,1180.0,1180.0,0.0111396743787489,0,2023-11-25
tx,2024-04-06,777.0,777.0,-0.059322033898305,0,2024-04-13
tx,2024-04-20,643.0,643.0,-0.1251700680272109,0,2024-04-27
tx,2024-10-26,157.0,157.0,,0,2024-11-02
tx,2024-11-02,328.0,328.0,1.089171974522293,0,2024-11-09
tx,2024-11-09,231.0,231.0,-0.2957317073170731,0,2024-11-16
tx,2024-11-16,270.0,270.0,0.1688311688311688,0,2024-11-23
tx,2024-11-23,285.0,285.0,0.0555555555555555,0,2024-11-30
tx,2024-11-30,398.0,398.0,0.3964912280701754,0,2024-12-07
tx,2024-12-07,371.0,371.0,-0.0678391959798995,0,2024-12-14
tx,2024-12-14,464.0,464.0,0.2506738544474393,0,2024-12-21
tx,2024-12-21,586.0,586.0,0.2629310344827586,0,2024-12-28
tx,2024-12-28,715.0,715.0,0.220136518771331,0,2025-01-04
tx,2025-01-04,589.0,589.0,-0.1762237762237762,0,2025-01-11
tx,2025-01-11,602.0,602.0,0.0220713073005093,0,2025-01-18
tx,2025-01-18,673.0,673.0,0.1179401993355481,0,2025-01-25
tx,2025-01-25,785.0,785.0,0.1664190193164933,0,2025-02-01
tx,2025-02-01,851.0,851.0,0.0840764331210191,0,2025-02-08
tx,2025-02-08,657.0,657.0,-0.2279670975323149,0,2025-02-15
tx,2025-02-15,633.0,633.0,-0.0365296803652968,0,2025-02-22
tx,2025-02-22,677.0,677.0,0.0695102685624012,0,2025-03-01
tx,2025-03-01,668.0,668.0,-0.0132939438700147,0,2025-03-08
tx,2025-03-08,621.0,621.0,-0.0703592814371257,0,2025-03-15
tx,2025-03-15,595.0,595.0,-0.0418679549114331,0,2025-03-22
tx,2025-03-22,540.0,540.0,-0.0924369747899159,0,2025-03-29
tx,2025-03-29,452.0,452.0,-0.1629629629629629,0,2025-04-05
tx,2025-04-05,434.0,434.0,-0.0398230088495575,0,2025-04-12
tx,2025-04-12,408.0,408.0,-0.0599078341013824,0,2025-04-19
tx,2025-04-19,372.0,372.0,-0.088235294117647,0,2025-04-26
tx,2025-04-26,322.0,322.0,-0.1344086021505376,0,2025-05-03
tx,2025-05-03,310.0,310.0,-0.0372670807453416,0,2025-05-10
tx,2025-05-10,273.0,273.0,-0.1193548387096774,0,2025-05-17
tx,2025-05-17,296.0,296.0,0.0842490842490842,0,2025-05-24
tx,2025-05-24,309.0,309.0,0.0439189189189189,0,2025-05-31
tx,2025-05-31,277.0,277.0,-0.1035598705501618,0,2025-06-07
tx,2025-06-07,303.0,303.0,0.0938628158844765,0,2025-06-14
tx,2025-06-14,316.0,316.0,0.0429042904290429,0,2025-06-21
tx,2025-06-21,289.0,289.0,-0.0854430379746835,0,2025-06-28
tx,2025-06-28,337.0,337.0,0.1660899653979238,0,2025-07-05
tx,2025-07-05,456.0,456.0,0.3531157270029673,0,2025-07-12
tx,2025-07-12,480.0,480.0,0.0526315789473684,0,2025-07-19
tx,2025-07-19,556.0,556.0,0.1583333333333333,0,2025-07-26
tx,2025-07-26,675.0,675.0,0.2140287769784172,0,2025-08-02
tx,2025-08-02,803.0,803.0,0.1896296296296296,0,2025-08-09
tx,2025-08-09,924.0,924.0,0.1506849315068493,0,2025-08-16
tx,2025-08-16,1049.0,1049.0,0.1352813852813852,0,2025-08-23
tx,2025-08-23,1239.0,1239.0,0.1811248808388942,1,2025-08-30
tx,2025-08-30,1224.0,1224.0,-0.0121065375302663,0,2025-09-06
tx,2025-09-06,1116.0,1116.0,-0.088235294117647,0,2025-09-13
tx,2025-09-13,837.0,837.0,-0.25,0,2025-09-20
tx,2025-09-20,611.0,611.0,-0.2700119474313022,0,2025-09-27
tx,2025-09-27,409.0,409.0,-0.3306055646481178,0,2025-10-04
tx,2025-10-04,329.0,329.0,-0.19559902200489,0,2025-10-11
tx,2025-10-11,272.0,272.0,-0.1732522796352583,0,2025-10-18
tx,2025-10-18,226.0,226.0,-0.1691176470588235,0,2025-10-25
tx,2025-10-25,211.0,211.0,-0.0663716814159292,0,2025-11-01
tx,2025-11-01,198.0,198.0,-0.0616113744075829,0,2025-11-08
tx,2025-11-08,176.0,176.0,-0.1111111111111111,0,2025-11-15
tx,2025-11-15,185.0,185.0,0.0511363636363636,0,2025-11-22
tx,2025-11-22,173.0,173.0,-0.0648648648648648,0,2025-11-29
tx,2025-11-29,228.0,228.0,0.3179190751445087,0,2025-12-06
tx,2025-12-06,200.0,200.0,-0.1228070175438596,0,2025-12-13
tx,2025-12-13,280.0,280.0,0.4,0,2025-12-20
tx,2025-12-20,317.0,317.0,0.1321428571428571,0,2025-12-27
tx,2025-12-27,326.0,326.0,0.028391167192429,0,2026-01-03
tx,2026-01-03,330.0,330.0,0.0122699386503067,0,2026-01-10
tx,2026-01-10,269.0,269.0,-0.1848484848484848,0,2026-01-17
tx,2026-01-17,271.0,271.0,0.0074349442379182,0,2026-01-24
tx,2026-01-24,290.0,290.0,0.070110701107011,0,2026-01-31
tx,2026-01-31,262.0,262.0,-0.096551724137931,0,2026-02-07
tx,2026-02-07,286.0,286.0,0.0916030534351145,0,2026-02-14
tx,2026-02-14,248.0,248.0,-0.1328671328671328,0,2026-02-21
tx,2026-02-21,288.0,288.0,0.1612903225806451,0,2026-02-28
tx,2026-02-28,223.0,223.0,-0.2256944444444444,0,2026-03-07
tx,2026-03-07,188.0,188.0,-0.1569506726457399,0,2026-03-14
tx,2026-03-14,231.0,231.0,0.2287234042553191,0,2026-03-21
tx,2026-03-21,138.0,138.0,-0.4025974025974026,0,2026-03-28
tx,2026-03-28,80.0,80.0,-0.4202898550724637,0,2026-04-04
tx,2026-04-04,88.0,88.0,0.1,0,2026-04-11
tx,2026-04-11,90.0,90.0,0.0227272727272727,0,2026-04-18
tx,2026-04-18,107.0,107.0,0.1888888888888888,0,2026-04-25
tx,2026-04-25,96.0,96.0,-0.102803738317757,0,2026-05-02
tx,2026-05-02,82.0,82.0,-0.1458333333333333,0,2026-05-09
tx,2026-05-09,130.0,130.0,0.5853658536585366,0,2026-05-16
tx,2026-05-16,108.0,108.0,-0.1692307692307692,0,2026-05-23
tx,2026-05-23,99.0,99.0,-0.0833333333333333,0,2026-05-30
tx,2026-05-30,99.0,99.0,0.0,0,2026-06-06
tx,2026-06-06,101.0,101.0,0.0202020202020202,0,2026-06-13
tx,2026-06-13,83.0,83.0,-0.1782178217821782,0,2026-06-20
tx,2026-06-20,87.0,87.0,0.0481927710843373,0,2026-06-27
tx,2026-06-27,120.0,120.0,0.3793103448275862,0,2026-07-04
ut,2022-03-26,75.0,75.0,-0.3303571428571428,0,2022-04-02
ut,2022-04-02,79.0,79.0,0.0533333333333333,0,2022-04-09
ut,2023-07-01,42.0,42.0,-0.0232558139534883,0,2023-07-08
ut,2024-12-14,65.0,65.0,0.1016949152542373,0,2024-12-21
ut,2025-03-08,41.0,41.0,-0.3166666666666666,0,2025-03-15
ut,2025-03-15,31.0,31.0,-0.2439024390243902,0,2025-03-22
ut,2025-04-19,26.0,26.0,0.3,0,2025-04-26
ut,2025-04-26,25.0,25.0,-0.0384615384615384,0,2025-05-03
ut,2025-05-03,20.0,20.0,-0.2,0,2025-05-10
ut,2025-06-07,13.0,13.0,-0.2352941176470588,0,2025-06-14
ut,2025-06-14,26.0,26.0,1.0,0,2025-06-21
ut,2025-07-05,28.0,28.0,0.6470588235294118,0,2025-07-12
ut,2025-10-25,5.0,5.0,0.0,0,2025-11-01
ut,2025-11-15,13.0,13.0,-0.0714285714285714,0,2025-11-22
ut,2025-12-20,25.0,25.0,0.3157894736842105,0,2025-12-27
ut,2026-01-24,11.0,11.0,-0.4210526315789473,0,2026-01-31
ut,2026-03-21,2.0,2.0,-0.8,0,2026-03-28
ut,2026-04-11,2.0,2.0,-0.3333333333333333,0,2026-04-18
ut,2026-04-18,4.0,4.0,1.0,0,2026-04-25
ut,2026-04-25,4.0,4.0,0.0,0,2026-05-02
ut,2026-05-09,10.0,10.0,0.25,0,2026-05-16
ut,2026-05-16,5.0,5.0,-0.5,0,2026-05-23
ut,2026-05-23,8.0,8.0,0.6,0,2026-05-30
ut,2026-05-30,3.0,3.0,-0.625,0,2026-06-06
ut,2026-06-06,6.0,6.0,1.0,0,2026-06-13
ut,2026-06-20,4.0,4.0,-0.2,0,2026-06-27
ut,2026-06-27,1.0,1.0,-0.75,0,2026-07-04
va,2022-02-26,559.0,559.0,-0.3107274969173859,0,2022-03-05
va,2022-03-05,366.0,366.0,-0.3452593917710196,0,2022-03-12
va,2022-03-12,329.0,329.0,-0.1010928961748633,0,2022-03-19
va,2022-03-19,232.0,232.0,-0.2948328267477204,0,2022-03-26
va,2022-03-26,231.0,231.0,-0.0043103448275862,0,2022-04-02
va,2022-04-02,176.0,176.0,-0.238095238095238,0,2022-04-09
va,2022-04-09,176.0,176.0,0.0,0,2022-04-16
va,2022-04-16,256.0,256.0,0.4545454545454545,0,2022-04-23
va,2022-04-23,233.0,233.0,-0.08984375,0,2022-04-30
va,2022-05-07,439.0,439.0,0.2296918767507002,1,2022-05-14
va,2022-05-21,607.0,607.0,0.063047285464098,0,2022-05-28
va,2022-06-18,664.0,664.0,-0.0514285714285714,0,2022-06-25
va,2022-07-02,741.0,741.0,0.0555555555555555,0,2022-07-09
va,2022-07-09,833.0,833.0,0.1241565452091768,1,2022-07-16
va,2022-07-16,834.0,834.0,0.0012004801920768,0,2022-07-23
va,2022-07-23,917.0,917.0,0.0995203836930455,0,2022-07-30
va,2022-08-06,947.0,947.0,0.0226781857451403,0,2022-08-13
va,2022-08-13,912.0,912.0,-0.0369588173178458,0,2022-08-20
va,2022-09-10,704.0,704.0,-0.104325699745547,0,2022-09-17
va,2022-09-17,617.0,617.0,-0.1235795454545454,0,2022-09-24
va,2022-09-24,521.0,521.0,-0.1555915721231766,0,2022-10-01
va,2022-10-01,590.0,590.0,0.1324376199616123,1,2022-10-08
va,2022-10-08,517.0,517.0,-0.123728813559322,0,2022-10-15
va,2022-10-15,464.0,464.0,-0.1025145067698259,0,2022-10-22
va,2022-10-29,563.0,563.0,0.1608247422680412,1,2022-11-05
va,2022-11-12,482.0,482.0,-0.1090573012939001,0,2022-11-19
va,2022-11-19,435.0,435.0,-0.0975103734439834,0,2022-11-26
va,2022-11-26,605.0,605.0,0.3908045977011494,1,2022-12-03
va,2022-12-03,682.0,682.0,0.1272727272727272,1,2022-12-10
va,2023-02-25,411.0,411.0,-0.1310782241014799,0,2023-03-04
va,2023-03-04,375.0,375.0,-0.0875912408759124,0,2023-03-11
va,2023-03-11,301.0,301.0,-0.1973333333333333,0,2023-03-18
va,2023-03-18,245.0,245.0,-0.1860465116279069,0,2023-03-25
va,2023-03-25,239.0,239.0,-0.0244897959183673,0,2023-04-01
va,2023-04-01,216.0,216.0,-0.0962343096234309,0,2023-04-08
va,2023-04-08,182.0,182.0,-0.1574074074074074,0,2023-04-15
va,2023-04-15,178.0,178.0,-0.0219780219780219,0,2023-04-22
va,2023-04-22,115.0,115.0,-0.3539325842696629,0,2023-04-29
va,2023-04-29,128.0,128.0,0.1130434782608695,0,2023-05-06
va,2023-05-06,130.0,130.0,0.015625,0,2023-05-13
va,2023-05-13,112.0,112.0,-0.1384615384615384,0,2023-05-20
va,2023-05-20,87.0,87.0,-0.2232142857142857,0,2023-05-27
va,2023-05-27,118.0,118.0,0.3563218390804598,0,2023-06-03
va,2023-06-03,83.0,83.0,-0.2966101694915254,0,2023-06-10
va,2023-06-10,121.0,121.0,0.4578313253012048,0,2023-06-17
va,2023-06-17,121.0,121.0,0.0,0,2023-06-24
va,2023-06-24,122.0,122.0,0.0082644628099173,0,2023-07-01
va,2023-07-01,125.0,125.0,0.0245901639344262,0,2023-07-08
va,2023-07-08,122.0,122.0,-0.024,0,2023-07-15
va,2023-07-15,125.0,125.0,0.0245901639344262,0,2023-07-22
va,2023-07-22,156.0,156.0,0.248,0,2023-07-29
va,2023-07-29,167.0,167.0,0.0705128205128205,0,2023-08-05
va,2023-08-05,236.0,236.0,0.4131736526946107,0,2023-08-12
va,2023-08-12,302.0,302.0,0.2796610169491525,0,2023-08-19
va,2023-08-19,361.0,361.0,0.195364238410596,0,2023-08-26
va,2023-08-26,377.0,377.0,0.0443213296398892,0,2023-09-02
va,2023-09-02,479.0,479.0,0.2705570291777188,1,2023-09-09
va,2023-09-09,444.0,444.0,-0.0730688935281837,0,2023-09-16
va,2023-09-16,467.0,467.0,0.0518018018018018,0,2023-09-23
va,2023-09-23,443.0,443.0,-0.0513918629550321,0,2023-09-30
va,2023-09-30,426.0,426.0,-0.0383747178329571,0,2023-10-07
va,2023-10-07,412.0,412.0,-0.0328638497652582,0,2023-10-14
va,2023-10-14,455.0,455.0,0.1043689320388349,1,2023-10-21
va,2023-10-21,454.0,454.0,-0.0021978021978021,0,2023-10-28
va,2023-10-28,383.0,383.0,-0.1563876651982378,0,2023-11-04
va,2023-11-04,465.0,465.0,0.2140992167101827,1,2023-11-11
va,2023-11-11,450.0,450.0,-0.032258064516129,0,2023-11-18
va,2023-11-18,488.0,488.0,0.0844444444444444,0,2023-11-25
va,2023-11-25,611.0,611.0,0.2520491803278688,1,2023-12-02
va,2023-12-23,1022.0,1022.0,0.2871536523929471,1,2023-12-30
va,2023-12-30,1005.0,1005.0,-0.0166340508806262,0,2024-01-06
va,2024-01-20,623.0,623.0,-0.0931586608442503,0,2024-01-27
va,2024-01-27,597.0,597.0,-0.0417335473515248,0,2024-02-03
va,2024-02-03,570.0,570.0,-0.0452261306532663,0,2024-02-10
va,2024-02-10,599.0,599.0,0.0508771929824561,0,2024-02-17
va,2024-02-17,590.0,590.0,-0.015025041736227,0,2024-02-24
va,2024-02-24,488.0,488.0,-0.1728813559322033,0,2024-03-02
va,2024-03-09,386.0,386.0,-0.1804670912951167,0,2024-03-16
va,2024-03-16,367.0,367.0,-0.0492227979274611,0,2024-03-23
va,2024-03-23,340.0,340.0,-0.0735694822888283,0,2024-03-30
va,2024-03-30,308.0,308.0,-0.0941176470588235,0,2024-04-06
va,2024-04-06,302.0,302.0,-0.0194805194805194,0,2024-04-13
va,2024-04-13,273.0,273.0,-0.0960264900662251,0,2024-04-20
va,2024-04-20,245.0,245.0,-0.1025641025641025,0,2024-04-27
va,2024-10-26,152.0,152.0,,0,2024-11-02
va,2024-11-02,127.0,127.0,-0.1644736842105263,0,2024-11-09
va,2024-11-09,104.0,104.0,-0.1811023622047244,0,2024-11-16
va,2024-11-16,120.0,120.0,0.1538461538461538,0,2024-11-23
va,2024-11-23,107.0,107.0,-0.1083333333333333,0,2024-11-30
va,2024-11-30,134.0,134.0,0.2523364485981308,0,2024-12-07
va,2024-12-07,185.0,185.0,0.3805970149253731,0,2024-12-14
va,2024-12-14,198.0,198.0,0.0702702702702702,0,2024-12-21
va,2024-12-21,301.0,301.0,0.5202020202020202,0,2024-12-28
va,2024-12-28,445.0,445.0,0.4784053156146179,1,2025-01-04
va,2025-01-04,300.0,300.0,-0.3258426966292135,0,2025-01-11
va,2025-01-11,280.0,280.0,-0.0666666666666666,0,2025-01-18
va,2025-01-18,239.0,239.0,-0.1464285714285714,0,2025-01-25
va,2025-01-25,317.0,317.0,0.3263598326359833,0,2025-02-01
va,2025-02-01,316.0,316.0,-0.0031545741324921,0,2025-02-08
va,2025-02-08,264.0,264.0,-0.1645569620253164,0,2025-02-15
va,2025-02-15,228.0,228.0,-0.1363636363636363,0,2025-02-22
va,2025-02-22,270.0,270.0,0.1842105263157894,0,2025-03-01
va,2025-03-01,246.0,246.0,-0.0888888888888888,0,2025-03-08
va,2025-03-08,217.0,217.0,-0.1178861788617886,0,2025-03-15
va,2025-03-15,188.0,188.0,-0.1336405529953917,0,2025-03-22
va,2025-03-29,172.0,172.0,-0.1179487179487179,0,2025-04-05
va,2025-04-19,113.0,113.0,-0.0583333333333333,0,2025-04-26
va,2025-04-26,84.0,84.0,-0.2566371681415929,0,2025-05-03
va,2025-05-03,65.0,65.0,-0.2261904761904762,0,2025-05-10
va,2025-05-10,60.0,60.0,-0.0769230769230769,0,2025-05-17
va,2025-05-17,46.0,46.0,-0.2333333333333333,0,2025-05-24
va,2025-05-24,67.0,67.0,0.4565217391304347,0,2025-05-31
va,2025-05-31,32.0,32.0,-0.5223880597014925,0,2025-06-07
va,2025-06-07,51.0,51.0,0.59375,0,2025-06-14
va,2025-06-14,49.0,49.0,-0.0392156862745098,0,2025-06-21
va,2025-06-21,42.0,42.0,-0.1428571428571428,0,2025-06-28
va,2025-06-28,52.0,52.0,0.238095238095238,0,2025-07-05
va,2025-07-05,79.0,79.0,0.5192307692307693,0,2025-07-12
va,2025-07-12,72.0,72.0,-0.0886075949367088,0,2025-07-19
va,2025-07-19,74.0,74.0,0.0277777777777777,0,2025-07-26
va,2025-07-26,99.0,99.0,0.3378378378378378,0,2025-08-02
va,2025-08-02,127.0,127.0,0.2828282828282828,0,2025-08-09
va,2025-08-09,166.0,166.0,0.3070866141732283,0,2025-08-16
va,2025-08-16,139.0,139.0,-0.1626506024096385,0,2025-08-23
va,2025-08-23,195.0,195.0,0.4028776978417266,0,2025-08-30
va,2025-08-30,243.0,243.0,0.2461538461538461,0,2025-09-06
va,2025-09-06,218.0,218.0,-0.102880658436214,0,2025-09-13
va,2025-09-13,173.0,173.0,-0.2064220183486238,0,2025-09-20
va,2025-09-20,136.0,136.0,-0.2138728323699422,0,2025-09-27
va,2025-09-27,121.0,121.0,-0.1102941176470588,0,2025-10-04
va,2025-10-04,84.0,84.0,-0.3057851239669421,0,2025-10-11
va,2025-10-11,80.0,80.0,-0.0476190476190476,0,2025-10-18
va,2025-10-18,60.0,60.0,-0.25,0,2025-10-25
va,2025-10-25,70.0,70.0,0.1666666666666666,0,2025-11-01
va,2025-11-01,49.0,49.0,-0.3,0,2025-11-08
va,2025-11-08,68.0,68.0,0.3877551020408163,0,2025-11-15
va,2025-11-15,61.0,61.0,-0.1029411764705882,0,2025-11-22
va,2025-11-22,62.0,62.0,0.0163934426229508,0,2025-11-29
va,2025-11-29,73.0,73.0,0.1774193548387097,0,2025-12-06
va,2025-12-06,69.0,69.0,-0.0547945205479452,0,2025-12-13
va,2025-12-13,89.0,89.0,0.2898550724637681,0,2025-12-20
va,2025-12-20,119.0,119.0,0.3370786516853932,0,2025-12-27
va,2025-12-27,162.0,162.0,0.361344537815126,0,2026-01-03
va,2026-01-03,193.0,193.0,0.191358024691358,0,2026-01-10
va,2026-01-10,141.0,141.0,-0.2694300518134715,0,2026-01-17
va,2026-01-17,173.0,173.0,0.226950354609929,0,2026-01-24
va,2026-01-24,130.0,130.0,-0.2485549132947976,0,2026-01-31
va,2026-01-31,130.0,130.0,0.0,0,2026-02-07
va,2026-02-07,127.0,127.0,-0.023076923076923,0,2026-02-14
va,2026-02-14,130.0,130.0,0.0236220472440944,0,2026-02-21
va,2026-02-21,141.0,141.0,0.0846153846153846,0,2026-02-28
va,2026-02-28,138.0,138.0,-0.0212765957446808,0,2026-03-07
va,2026-03-07,162.0,162.0,0.1739130434782608,0,2026-03-14
va,2026-03-14,114.0,114.0,-0.2962962962962963,0,2026-03-21
va,2026-03-21,51.0,51.0,-0.5526315789473685,0,2026-03-28
va,2026-03-28,60.0,60.0,0.1764705882352941,0,2026-04-04
va,2026-04-04,39.0,39.0,-0.35,0,2026-04-11
va,2026-04-11,37.0,37.0,-0.0512820512820512,0,2026-04-18
va,2026-04-18,58.0,58.0,0.5675675675675675,0,2026-04-25
va,2026-04-25,43.0,43.0,-0.2586206896551724,0,2026-05-02
va,2026-05-02,20.0,20.0,-0.5348837209302325,0,2026-05-09
va,2026-05-09,42.0,42.0,1.1,0,2026-05-16
va,2026-05-16,19.0,19.0,-0.5476190476190477,0,2026-05-23
va,2026-05-23,20.0,20.0,0.0526315789473684,0,2026-05-30
va,2026-05-30,12.0,12.0,-0.4,0,2026-06-06
va,2026-06-06,12.0,12.0,0.0,0,2026-06-13
va,2026-06-13,19.0,19.0,0.5833333333333334,0,2026-06-20
va,2026-06-20,13.0,13.0,-0.3157894736842105,0,2026-06-27
va,2026-06-27,11.0,11.0,-0.1538461538461538,0,2026-07-04
vi,2026-02-07,0.0,0.0,,0,2026-02-14
vi,2026-02-21,0.0,0.0,,0,2026-02-28
vi,2026-02-28,0.0,0.0,,0,2026-03-07
vi,2026-03-07,1.0,1.0,,0,2026-03-14
vi,2026-05-16,0.0,0.0,-1.0,0,2026-05-23
vi,2026-05-23,0.0,0.0,,0,2026-05-30
vi,2026-05-30,0.0,0.0,,0,2026-06-06
vi,2026-06-06,1.0,1.0,,0,2026-06-13
vi,2026-06-13,0.0,0.0,-1.0,0,2026-06-20
vt,2023-04-01,17.0,17.0,-0.2272727272727272,0,2023-04-08
vt,2023-05-27,11.0,11.0,-0.2142857142857142,0,2023-06-03
vt,2023-06-10,12.0,12.0,0.0909090909090909,0,2023-06-17
vt,2023-06-17,19.0,19.0,0.5833333333333334,1,2023-06-24
vt,2023-07-01,7.0,7.0,-0.2222222222222222,0,2023-07-08
vt,2023-07-15,7.0,7.0,-0.2222222222222222,0,2023-07-22
vt,2024-03-16,15.0,15.0,0.3636363636363636,1,2024-03-23
vt,2024-03-23,8.0,8.0,-0.4666666666666667,0,2024-03-30
vt,2024-04-06,9.0,9.0,-0.1818181818181818,0,2024-04-13
vt,2024-04-13,3.0,3.0,-0.6666666666666666,0,2024-04-20
vt,2024-04-20,3.0,3.0,0.0,0,2024-04-27
vt,2024-11-02,23.0,23.0,1.3,1,2024-11-09
vt,2024-11-30,20.0,20.0,0.6666666666666666,1,2024-12-07
vt,2025-01-04,35.0,35.0,-0.0789473684210526,0,2025-01-11
vt,2025-03-08,10.0,10.0,-0.4117647058823529,0,2025-03-15
vt,2025-03-22,3.0,3.0,-0.7857142857142857,0,2025-03-29
vt,2025-03-29,6.0,6.0,1.0,0,2025-04-05
vt,2025-04-05,11.0,11.0,0.8333333333333334,0,2025-04-12
vt,2025-04-12,10.0,10.0,-0.0909090909090909,0,2025-04-19
vt,2025-04-19,6.0,6.0,-0.4,0,2025-04-26
vt,2025-04-26,8.0,8.0,0.3333333333333333,0,2025-05-03
vt,2025-05-03,4.0,4.0,-0.5,0,2025-05-10
vt,2025-05-10,7.0,7.0,0.75,0,2025-05-17
vt,2025-05-17,11.0,11.0,0.5714285714285714,0,2025-05-24
vt,2025-05-24,2.0,2.0,-0.8181818181818182,0,2025-05-31
vt,2025-05-31,4.0,4.0,1.0,0,2025-06-07
vt,2025-06-21,1.0,1.0,-0.5,0,2025-06-28
vt,2025-06-28,6.0,6.0,5.0,0,2025-07-05
vt,2025-07-05,3.0,3.0,-0.5,0,2025-07-12
vt,2025-07-12,3.0,3.0,0.0,0,2025-07-19
vt,2025-07-19,1.0,1.0,-0.6666666666666666,0,2025-07-26
vt,2025-08-02,7.0,7.0,-0.125,0,2025-08-09
vt,2025-08-09,1.0,1.0,-0.8571428571428571,0,2025-08-16
vt,2025-08-16,2.0,2.0,1.0,0,2025-08-23
vt,2025-08-23,6.0,6.0,2.0,0,2025-08-30
vt,2025-09-06,8.0,8.0,-0.3846153846153846,0,2025-09-13
vt,2025-09-20,10.0,10.0,0.1111111111111111,0,2025-09-27
vt,2025-10-11,9.0,9.0,-0.1,0,2025-10-18
vt,2025-10-18,8.0,8.0,-0.1111111111111111,0,2025-10-25
vt,2025-10-25,13.0,13.0,0.625,0,2025-11-01
vt,2025-11-08,14.0,14.0,2.5,0,2025-11-15
vt,2025-11-15,15.0,15.0,0.0714285714285714,0,2025-11-22
vt,2025-11-22,16.0,16.0,0.0666666666666666,0,2025-11-29
vt,2025-12-27,18.0,18.0,-0.28,0,2026-01-03
vt,2026-01-10,17.0,17.0,-0.0555555555555555,0,2026-01-17
vt,2026-01-31,12.0,12.0,-0.0769230769230769,0,2026-02-07
vt,2026-02-28,12.0,12.0,0.0,0,2026-03-07
vt,2026-03-14,1.0,1.0,-0.9090909090909092,0,2026-03-21
vt,2026-03-21,3.0,3.0,2.0,0,2026-03-28
vt,2026-03-28,5.0,5.0,0.6666666666666666,0,2026-04-04
vt,2026-04-18,3.0,3.0,2.0,0,2026-04-25
vt,2026-04-25,0.0,0.0,-1.0,0,2026-05-02
vt,2026-05-02,1.0,1.0,,0,2026-05-09
vt,2026-05-09,0.0,0.0,-1.0,0,2026-05-16
vt,2026-05-16,0.0,0.0,,0,2026-05-23
vt,2026-05-23,1.0,1.0,,0,2026-05-30
vt,2026-05-30,0.0,0.0,-1.0,0,2026-06-06
vt,2026-06-06,1.0,1.0,,0,2026-06-13
vt,2026-06-13,3.0,3.0,2.0,0,2026-06-20
vt,2026-06-20,0.0,0.0,-1.0,0,2026-06-27
vt,2026-06-27,0.0,0.0,,0,2026-07-04
wa,2022-03-26,190.0,190.0,-0.0404040404040404,0,2022-04-02
wa,2022-06-11,580.0,580.0,0.0412926391382405,0,2022-06-18
wa,2022-09-10,422.0,422.0,-0.0254041570438799,0,2022-09-17
wa,2023-09-23,355.0,355.0,-0.0920716112531969,0,2023-09-30
wa,2023-10-28,248.0,248.0,0.0333333333333333,0,2023-11-04
wa,2023-11-11,328.0,328.0,0.3015873015873015,1,2023-11-18
wa,2023-11-18,224.0,224.0,-0.3170731707317073,0,2023-11-25
wa,2023-11-25,263.0,263.0,0.1741071428571428,1,2023-12-02
wa,2023-12-09,279.0,279.0,-0.1198738170347003,0,2023-12-16
wa,2023-12-16,311.0,311.0,0.1146953405017921,1,2023-12-23
wa,2023-12-23,366.0,366.0,0.1768488745980707,1,2023-12-30
wa,2023-12-30,435.0,435.0,0.1885245901639344,1,2024-01-06
wa,2024-02-03,333.0,333.0,-0.0646067415730337,0,2024-02-10
wa,2024-02-10,288.0,288.0,-0.1351351351351351,0,2024-02-17
wa,2024-02-17,257.0,257.0,-0.1076388888888889,0,2024-02-24
wa,2024-03-09,191.0,191.0,-0.1622807017543859,0,2024-03-16
wa,2024-03-16,197.0,197.0,0.031413612565445,0,2024-03-23
wa,2024-03-23,147.0,147.0,-0.2538071065989847,0,2024-03-30
wa,2024-03-30,133.0,133.0,-0.0952380952380952,0,2024-04-06
wa,2024-04-06,102.0,102.0,-0.2330827067669172,0,2024-04-13
wa,2024-04-13,104.0,104.0,0.0196078431372549,0,2024-04-20
wa,2024-04-20,83.0,83.0,-0.2019230769230769,0,2024-04-27
wa,2024-10-26,57.0,57.0,,0,2024-11-02
wa,2024-11-02,98.0,98.0,0.7192982456140351,0,2024-11-09
wa,2024-11-09,83.0,83.0,-0.1530612244897959,0,2024-11-16
wa,2024-11-16,90.0,90.0,0.0843373493975903,0,2024-11-23
wa,2024-11-23,78.0,78.0,-0.1333333333333333,0,2024-11-30
wa,2024-11-30,56.0,56.0,-0.282051282051282,0,2024-12-07
wa,2024-12-07,76.0,76.0,0.3571428571428571,0,2024-12-14
wa,2024-12-14,86.0,86.0,0.131578947368421,0,2024-12-21
wa,2024-12-21,117.0,117.0,0.3604651162790697,0,2024-12-28
wa,2024-12-28,150.0,150.0,0.282051282051282,0,2025-01-04
wa,2025-01-04,116.0,116.0,-0.2266666666666666,0,2025-01-11
wa,2025-01-11,89.0,89.0,-0.2327586206896551,0,2025-01-18
wa,2025-01-18,104.0,104.0,0.1685393258426966,0,2025-01-25
wa,2025-01-25,127.0,127.0,0.2211538461538461,0,2025-02-01
wa,2025-02-08,147.0,147.0,0.0575539568345323,0,2025-02-15
wa,2025-02-15,189.0,189.0,0.2857142857142857,0,2025-02-22
wa,2025-02-22,123.0,123.0,-0.3492063492063492,0,2025-03-01
wa,2025-03-01,93.0,93.0,-0.2439024390243902,0,2025-03-08
wa,2025-03-08,99.0,99.0,0.064516129032258,0,2025-03-15
wa,2025-03-15,85.0,85.0,-0.1414141414141414,0,2025-03-22
wa,2025-03-22,89.0,89.0,0.0470588235294117,0,2025-03-29
wa,2025-03-29,57.0,57.0,-0.3595505617977528,0,2025-04-05
wa,2025-04-05,72.0,72.0,0.2631578947368421,0,2025-04-12
wa,2025-04-12,77.0,77.0,0.0694444444444444,0,2025-04-19
wa,2025-04-19,81.0,81.0,0.0519480519480519,0,2025-04-26
wa,2025-04-26,53.0,53.0,-0.345679012345679,0,2025-05-03
wa,2025-05-03,65.0,65.0,0.2264150943396226,0,2025-05-10
wa,2025-05-10,64.0,64.0,-0.0153846153846153,0,2025-05-17
wa,2025-05-17,92.0,92.0,0.4375,0,2025-05-24
wa,2025-05-24,98.0,98.0,0.0652173913043478,0,2025-05-31
wa,2025-05-31,88.0,88.0,-0.1020408163265306,0,2025-06-07
wa,2025-06-07,69.0,69.0,-0.2159090909090909,0,2025-06-14
wa,2025-06-14,85.0,85.0,0.2318840579710145,0,2025-06-21
wa,2025-06-21,92.0,92.0,0.0823529411764705,0,2025-06-28
wa,2025-06-28,90.0,90.0,-0.0217391304347826,0,2025-07-05
wa,2025-07-05,93.0,93.0,0.0333333333333333,0,2025-07-12
wa,2025-07-12,96.0,96.0,0.032258064516129,0,2025-07-19
wa,2025-07-26,131.0,131.0,0.2718446601941747,0,2025-08-02
wa,2025-08-09,160.0,160.0,0.28,0,2025-08-16
wa,2025-09-06,187.0,187.0,0.0446927374301676,0,2025-09-13
wa,2025-09-27,191.0,191.0,0.0552486187845303,0,2025-10-04
wa,2025-10-11,107.0,107.0,-0.3096774193548387,0,2025-10-18
wa,2025-10-25,66.0,66.0,-0.2903225806451613,0,2025-11-01
wa,2025-11-01,51.0,51.0,-0.2272727272727272,0,2025-11-08
wa,2025-11-08,63.0,63.0,0.2352941176470588,0,2025-11-15
wa,2025-11-15,40.0,40.0,-0.365079365079365,0,2025-11-22
wa,2025-11-22,47.0,47.0,0.175,0,2025-11-29
wa,2025-11-29,50.0,50.0,0.0638297872340425,0,2025-12-06
wa,2025-12-06,33.0,33.0,-0.34,0,2025-12-13
wa,2025-12-13,35.0,35.0,0.0606060606060606,0,2025-12-20
wa,2025-12-20,50.0,50.0,0.4285714285714285,0,2025-12-27
wa,2025-12-27,66.0,66.0,0.32,0,2026-01-03
wa,2026-01-03,56.0,56.0,-0.1515151515151515,0,2026-01-10
wa,2026-01-10,53.0,53.0,-0.0535714285714285,0,2026-01-17
wa,2026-01-17,52.0,52.0,-0.0188679245283018,0,2026-01-24
wa,2026-01-24,76.0,76.0,0.4615384615384615,0,2026-01-31
wa,2026-01-31,73.0,73.0,-0.0394736842105263,0,2026-02-07
wa,2026-02-07,81.0,81.0,0.1095890410958904,0,2026-02-14
wa,2026-02-14,54.0,54.0,-0.3333333333333333,0,2026-02-21
wa,2026-02-21,43.0,43.0,-0.2037037037037037,0,2026-02-28
wa,2026-02-28,52.0,52.0,0.2093023255813953,0,2026-03-07
wa,2026-03-07,40.0,40.0,-0.2307692307692307,0,2026-03-14
wa,2026-03-14,32.0,32.0,-0.2,0,2026-03-21
wa,2026-03-21,27.0,27.0,-0.15625,0,2026-03-28
wa,2026-03-28,41.0,41.0,0.5185185185185185,0,2026-04-04
wa,2026-04-18,21.0,21.0,-0.3636363636363636,0,2026-04-25
wa,2026-04-25,27.0,27.0,0.2857142857142857,0,2026-05-02
wa,2026-05-02,16.0,16.0,-0.4074074074074074,0,2026-05-09
wa,2026-05-09,24.0,24.0,0.5,0,2026-05-16
wa,2026-05-16,11.0,11.0,-0.5416666666666666,0,2026-05-23
wa,2026-05-23,19.0,19.0,0.7272727272727273,0,2026-05-30
wa,2026-05-30,16.0,16.0,-0.1578947368421052,0,2026-06-06
wa,2026-06-06,5.0,5.0,-0.6875,0,2026-06-13
wi,2022-02-12,771.0,771.0,-0.3041516245487364,0,2022-02-19
wi,2022-02-19,595.0,595.0,-0.2282749675745784,0,2022-02-26
wi,2022-03-05,256.0,256.0,-0.4074074074074074,0,2022-03-12
wi,2022-03-12,256.0,256.0,0.0,0,2022-03-19
wi,2022-03-19,216.0,216.0,-0.15625,0,2022-03-26
wi,2022-03-26,152.0,152.0,-0.2962962962962963,0,2022-04-02
wi,2022-04-02,152.0,152.0,0.0,0,2022-04-09
wi,2022-04-09,176.0,176.0,0.1578947368421052,0,2022-04-16
wi,2022-04-16,221.0,221.0,0.2556818181818182,0,2022-04-23
wi,2022-04-23,367.0,367.0,0.6606334841628959,1,2022-04-30
wi,2022-04-30,359.0,359.0,-0.0217983651226158,0,2022-05-07
wi,2022-05-07,480.0,480.0,0.3370473537604457,1,2022-05-14
wi,2022-05-14,469.0,469.0,-0.0229166666666666,0,2022-05-21
wi,2022-05-28,490.0,490.0,-0.0080971659919028,0,2022-06-04
wi,2022-06-18,513.0,513.0,0.0198807157057654,0,2022-06-25
wi,2022-07-02,540.0,540.0,0.1663066954643628,1,2022-07-09
wi,2022-07-16,647.0,647.0,0.1471631205673758,1,2022-07-23
wi,2022-08-20,648.0,648.0,0.0302066772655007,0,2022-08-27
wi,2022-08-27,593.0,593.0,-0.0848765432098765,0,2022-09-03
wi,2022-09-17,513.0,513.0,-0.0019455252918287,0,2022-09-24
wi,2022-09-24,456.0,456.0,-0.1111111111111111,0,2022-10-01
wi,2022-10-15,523.0,523.0,-0.022429906542056,0,2022-10-22
wi,2022-10-29,605.0,605.0,0.0151006711409395,0,2022-11-05
wi,2022-11-19,460.0,460.0,0.0154525386313465,0,2022-11-26
wi,2022-12-03,598.0,598.0,0.0,0,2022-12-10
wi,2023-03-04,388.0,388.0,-0.1121281464530892,0,2023-03-11
wi,2023-03-25,403.0,403.0,0.0075,0,2023-04-01
wi,2023-04-15,294.0,294.0,-0.213903743315508,0,2023-04-22
wi,2023-04-22,253.0,253.0,-0.1394557823129251,0,2023-04-29
wi,2023-04-29,199.0,199.0,-0.2134387351778656,0,2023-05-06
wi,2023-05-06,190.0,190.0,-0.0452261306532663,0,2023-05-13
wi,2023-05-13,170.0,170.0,-0.1052631578947368,0,2023-05-20
wi,2023-05-20,128.0,128.0,-0.2470588235294117,0,2023-05-27
wi,2023-05-27,127.0,127.0,-0.0078125,0,2023-06-03
wi,2023-06-03,126.0,126.0,-0.0078740157480314,0,2023-06-10
wi,2023-06-10,80.0,80.0,-0.365079365079365,0,2023-06-17
wi,2023-06-17,86.0,86.0,0.075,0,2023-06-24
wi,2023-06-24,53.0,53.0,-0.3837209302325581,0,2023-07-01
wi,2023-07-01,63.0,63.0,0.1886792452830188,0,2023-07-08
wi,2023-07-08,66.0,66.0,0.0476190476190476,0,2023-07-15
wi,2023-07-15,76.0,76.0,0.1515151515151515,0,2023-07-22
wi,2023-07-22,76.0,76.0,0.0,0,2023-07-29
wi,2023-07-29,107.0,107.0,0.4078947368421052,0,2023-08-05
wi,2023-08-05,143.0,143.0,0.3364485981308411,0,2023-08-12
wi,2023-08-12,160.0,160.0,0.1188811188811188,0,2023-08-19
wi,2023-08-19,199.0,199.0,0.24375,0,2023-08-26
wi,2023-08-26,210.0,210.0,0.0552763819095477,0,2023-09-02
wi,2023-09-09,260.0,260.0,0.3471502590673575,0,2023-09-16
wi,2023-09-16,346.0,346.0,0.3307692307692307,0,2023-09-23
wi,2023-09-23,337.0,337.0,-0.0260115606936416,0,2023-09-30
wi,2023-09-30,359.0,359.0,0.0652818991097922,0,2023-10-07
wi,2023-10-14,316.0,316.0,0.1087719298245614,0,2023-10-21
wi,2023-11-04,422.0,422.0,0.322884012539185,1,2023-11-11
wi,2024-01-06,596.0,596.0,-0.2512562814070351,0,2024-01-13
wi,2024-02-10,341.0,341.0,-0.0631868131868131,0,2024-02-17
wi,2024-03-23,156.0,156.0,-0.1475409836065573,0,2024-03-30
wi,2024-03-30,164.0,164.0,0.0512820512820512,0,2024-04-06
wi,2024-04-06,96.0,96.0,-0.4146341463414634,0,2024-04-13
wi,2024-04-13,126.0,126.0,0.3125,0,2024-04-20
wi,2024-04-20,81.0,81.0,-0.3571428571428571,0,2024-04-27
wi,2024-10-26,104.0,104.0,,0,2024-11-02
wi,2024-11-09,149.0,149.0,-0.0569620253164556,0,2024-11-16
wi,2024-11-16,154.0,154.0,0.0335570469798657,0,2024-11-23
wi,2024-11-30,194.0,194.0,0.4057971014492754,0,2024-12-07
wi,2024-12-07,231.0,231.0,0.190721649484536,0,2024-12-14
wi,2024-12-21,406.0,406.0,0.376271186440678,1,2024-12-28
wi,2024-12-28,522.0,522.0,0.2857142857142857,1,2025-01-04
wi,2025-02-22,192.0,192.0,-0.1615720524017467,0,2025-03-01
wi,2025-03-01,165.0,165.0,-0.140625,0,2025-03-08
wi,2025-03-08,146.0,146.0,-0.1151515151515151,0,2025-03-15
wi,2025-03-15,140.0,140.0,-0.0410958904109589,0,2025-03-22
wi,2025-03-22,112.0,112.0,-0.2,0,2025-03-29
wi,2025-03-29,113.0,113.0,0.0089285714285714,0,2025-04-05
wi,2025-04-05,91.0,91.0,-0.1946902654867256,0,2025-04-12
wi,2025-04-12,92.0,92.0,0.0109890109890109,0,2025-04-19
wi,2025-04-19,84.0,84.0,-0.0869565217391304,0,2025-04-26
wi,2025-04-26,65.0,65.0,-0.2261904761904762,0,2025-05-03
wi,2025-05-03,61.0,61.0,-0.0615384615384615,0,2025-05-10
wi,2025-05-10,50.0,50.0,-0.180327868852459,0,2025-05-17
wi,2025-05-17,34.0,34.0,-0.32,0,2025-05-24
wi,2025-05-24,36.0,36.0,0.0588235294117647,0,2025-05-31
wi,2025-05-31,37.0,37.0,0.0277777777777777,0,2025-06-07
wi,2025-06-07,19.0,19.0,-0.4864864864864865,0,2025-06-14
wi,2025-06-14,37.0,37.0,0.9473684210526316,0,2025-06-21
wi,2025-06-21,27.0,27.0,-0.2702702702702703,0,2025-06-28
wi,2025-06-28,28.0,28.0,0.037037037037037,0,2025-07-05
wi,2025-07-05,35.0,35.0,0.25,0,2025-07-12
wi,2025-07-12,48.0,48.0,0.3714285714285714,0,2025-07-19
wi,2025-07-19,41.0,41.0,-0.1458333333333333,0,2025-07-26
wi,2025-07-26,47.0,47.0,0.1463414634146341,0,2025-08-02
wi,2025-08-02,61.0,61.0,0.2978723404255319,0,2025-08-09
wi,2025-08-09,75.0,75.0,0.2295081967213114,0,2025-08-16
wi,2025-08-16,82.0,82.0,0.0933333333333333,0,2025-08-23
wi,2025-08-23,96.0,96.0,0.1707317073170731,0,2025-08-30
wi,2025-08-30,131.0,131.0,0.3645833333333333,0,2025-09-06
wi,2025-09-13,157.0,157.0,0.0064102564102564,0,2025-09-20
wi,2025-09-20,136.0,136.0,-0.1337579617834395,0,2025-09-27
wi,2025-10-04,93.0,93.0,-0.0210526315789473,0,2025-10-11
wi,2025-10-11,63.0,63.0,-0.3225806451612903,0,2025-10-18
wi,2025-10-18,45.0,45.0,-0.2857142857142857,0,2025-10-25
wi,2025-10-25,41.0,41.0,-0.0888888888888888,0,2025-11-01
wi,2025-11-01,57.0,57.0,0.3902439024390244,0,2025-11-08
wi,2025-11-08,69.0,69.0,0.2105263157894736,0,2025-11-15
wi,2025-11-15,61.0,61.0,-0.1159420289855072,0,2025-11-22
wi,2025-11-22,68.0,68.0,0.1147540983606557,0,2025-11-29
wi,2025-11-29,82.0,82.0,0.2058823529411764,0,2025-12-06
wi,2025-12-06,100.0,100.0,0.2195121951219512,0,2025-12-13
wi,2025-12-13,149.0,149.0,0.49,0,2025-12-20
wi,2025-12-20,200.0,200.0,0.3422818791946309,0,2025-12-27
wi,2025-12-27,297.0,297.0,0.485,0,2026-01-03
wi,2026-01-03,272.0,272.0,-0.0841750841750841,0,2026-01-10
wi,2026-01-10,253.0,253.0,-0.0698529411764705,0,2026-01-17
wi,2026-01-17,261.0,261.0,0.0316205533596837,0,2026-01-24
wi,2026-01-24,226.0,226.0,-0.1340996168582375,0,2026-01-31
wi,2026-01-31,233.0,233.0,0.0309734513274336,0,2026-02-07
wi,2026-02-07,240.0,240.0,0.0300429184549356,0,2026-02-14
wi,2026-02-14,216.0,216.0,-0.1,0,2026-02-21
wi,2026-02-21,235.0,235.0,0.0879629629629629,0,2026-02-28
wi,2026-02-28,156.0,156.0,-0.3361702127659574,0,2026-03-07
wi,2026-03-07,128.0,128.0,-0.1794871794871795,0,2026-03-14
wi,2026-03-14,85.0,85.0,-0.3359375,0,2026-03-21
wi,2026-03-21,58.0,58.0,-0.3176470588235294,0,2026-03-28
wi,2026-03-28,40.0,40.0,-0.3103448275862069,0,2026-04-04
wi,2026-04-04,23.0,23.0,-0.425,0,2026-04-11
wi,2026-04-11,28.0,28.0,0.217391304347826,0,2026-04-18
wi,2026-04-18,24.0,24.0,-0.1428571428571428,0,2026-04-25
wi,2026-04-25,20.0,20.0,-0.1666666666666666,0,2026-05-02
wi,2026-05-02,11.0,11.0,-0.45,0,2026-05-09
wi,2026-05-09,14.0,14.0,0.2727272727272727,0,2026-05-16
wi,2026-05-16,14.0,14.0,0.0,0,2026-05-23
wi,2026-05-23,8.0,8.0,-0.4285714285714285,0,2026-05-30
wi,2026-05-30,6.0,6.0,-0.25,0,2026-06-06
wi,2026-06-06,13.0,13.0,1.1666666666666667,0,2026-06-13
wi,2026-06-13,2.0,2.0,-0.8461538461538461,0,2026-06-20
wi,2026-06-20,6.0,6.0,2.0,0,2026-06-27
wi,2026-06-27,4.0,4.0,-0.3333333333333333,0,2026-07-04
wv,2022-01-01,657.0,657.0,0.1173469387755102,1,2022-01-08
wv,2022-01-08,775.0,775.0,0.1796042617960426,1,2022-01-15
wv,2022-01-15,853.0,853.0,0.1006451612903225,1,2022-01-22
wv,2022-02-26,329.0,329.0,-0.267260579064588,0,2022-03-05
wv,2022-03-05,214.0,214.0,-0.3495440729483283,0,2022-03-12
wv,2022-03-12,141.0,141.0,-0.3411214953271028,0,2022-03-19
wv,2022-03-19,130.0,130.0,-0.0780141843971631,0,2022-03-26
wv,2022-03-26,105.0,105.0,-0.1923076923076923,0,2022-04-02
wv,2022-04-02,70.0,70.0,-0.3333333333333333,0,2022-04-09
wv,2022-04-09,77.0,77.0,0.1,0,2022-04-16
wv,2022-04-16,72.0,72.0,-0.0649350649350649,0,2022-04-23
wv,2022-04-23,101.0,101.0,0.4027777777777778,0,2022-04-30
wv,2022-04-30,115.0,115.0,0.1386138613861386,1,2022-05-07
wv,2022-05-07,141.0,141.0,0.2260869565217391,1,2022-05-14
wv,2022-05-14,166.0,166.0,0.1773049645390071,1,2022-05-21
wv,2022-05-21,181.0,181.0,0.0903614457831325,0,2022-05-28
wv,2022-05-28,214.0,214.0,0.1823204419889502,1,2022-06-04
wv,2022-06-11,190.0,190.0,-0.2083333333333333,0,2022-06-18
wv,2022-06-18,224.0,224.0,0.1789473684210526,1,2022-06-25
wv,2022-06-25,260.0,260.0,0.1607142857142857,1,2022-07-02
wv,2022-07-02,291.0,291.0,0.1192307692307692,1,2022-07-09
wv,2022-07-09,325.0,325.0,0.1168384879725085,1,2022-07-16
wv,2022-07-23,381.0,381.0,0.032520325203252,0,2022-07-30
wv,2022-07-30,387.0,387.0,0.0157480314960629,0,2022-08-06
wv,2022-08-06,376.0,376.0,-0.0284237726098191,0,2022-08-13
wv,2022-08-13,366.0,366.0,-0.026595744680851,0,2022-08-20
wv,2022-09-03,320.0,320.0,0.0355987055016181,0,2022-09-10
wv,2022-10-08,158.0,158.0,-0.1938775510204081,0,2022-10-15
wv,2022-10-15,164.0,164.0,0.0379746835443038,0,2022-10-22
wv,2022-10-29,164.0,164.0,0.1081081081081081,1,2022-11-05
wv,2022-11-19,125.0,125.0,0.0869565217391304,0,2022-11-26
wv,2022-11-26,164.0,164.0,0.312,1,2022-12-03
wv,2022-12-31,314.0,314.0,-0.0977011494252873,0,2023-01-07
wv,2023-01-21,203.0,203.0,-0.1361702127659574,0,2023-01-28
wv,2023-02-04,197.0,197.0,-0.1359649122807017,0,2023-02-11
wv,2023-02-11,184.0,184.0,-0.065989847715736,0,2023-02-18
wv,2023-02-18,194.0,194.0,0.0543478260869565,0,2023-02-25
wv,2023-02-25,201.0,201.0,0.0360824742268041,0,2023-03-04
wv,2023-03-04,148.0,148.0,-0.263681592039801,0,2023-03-11
wv,2023-03-11,140.0,140.0,-0.054054054054054,0,2023-03-18
wv,2023-03-18,126.0,126.0,-0.1,0,2023-03-25
wv,2023-03-25,113.0,113.0,-0.1031746031746031,0,2023-04-01
wv,2023-04-01,102.0,102.0,-0.0973451327433628,0,2023-04-08
wv,2023-04-08,91.0,91.0,-0.1078431372549019,0,2023-04-15
wv,2023-04-15,59.0,59.0,-0.3516483516483517,0,2023-04-22
wv,2023-04-22,46.0,46.0,-0.2203389830508474,0,2023-04-29
wv,2023-04-29,55.0,55.0,0.1956521739130435,0,2023-05-06
wv,2023-05-06,35.0,35.0,-0.3636363636363636,0,2023-05-13
wv,2023-05-13,32.0,32.0,-0.0857142857142857,0,2023-05-20
wv,2023-05-20,35.0,35.0,0.09375,0,2023-05-27
wv,2023-05-27,33.0,33.0,-0.0571428571428571,0,2023-06-03
wv,2023-06-03,25.0,25.0,-0.2424242424242424,0,2023-06-10
wv,2023-06-10,28.0,28.0,0.12,0,2023-06-17
wv,2023-06-17,28.0,28.0,0.0,0,2023-06-24
wv,2023-06-24,25.0,25.0,-0.1071428571428571,0,2023-07-01
wv,2023-07-01,22.0,22.0,-0.12,0,2023-07-08
wv,2023-07-08,19.0,19.0,-0.1363636363636363,0,2023-07-15
wv,2023-07-15,31.0,31.0,0.631578947368421,0,2023-07-22
wv,2023-07-22,31.0,31.0,0.0,0,2023-07-29
wv,2023-07-29,52.0,52.0,0.6774193548387096,0,2023-08-05
wv,2023-08-05,54.0,54.0,0.0384615384615384,0,2023-08-12
wv,2023-08-12,84.0,84.0,0.5555555555555556,0,2023-08-19
wv,2023-08-19,87.0,87.0,0.0357142857142857,0,2023-08-26
wv,2023-08-26,128.0,128.0,0.4712643678160919,1,2023-09-02
wv,2023-09-02,150.0,150.0,0.171875,1,2023-09-09
wv,2023-09-09,146.0,146.0,-0.0266666666666666,0,2023-09-16
wv,2023-09-16,176.0,176.0,0.2054794520547945,1,2023-09-23
wv,2023-09-23,175.0,175.0,-0.0056818181818181,0,2023-09-30
wv,2023-09-30,179.0,179.0,0.0228571428571428,0,2023-10-07
wv,2023-10-07,131.0,131.0,-0.2681564245810056,0,2023-10-14
wv,2023-10-21,167.0,167.0,0.1283783783783783,1,2023-10-28
wv,2023-11-18,276.0,276.0,0.2432432432432432,1,2023-11-25
wv,2023-11-25,313.0,313.0,0.1340579710144927,1,2023-12-02
wv,2023-12-23,345.0,345.0,0.1815068493150685,1,2023-12-30
wv,2024-01-27,120.0,120.0,-0.2156862745098039,0,2024-02-03
wv,2024-02-10,101.0,101.0,0.0,0,2024-02-17
wv,2024-03-16,65.0,65.0,-0.2261904761904762,0,2024-03-23
wv,2024-03-23,65.0,65.0,0.0,0,2024-03-30
wv,2024-03-30,50.0,50.0,-0.2307692307692307,0,2024-04-06
wv,2024-04-06,36.0,36.0,-0.28,0,2024-04-13
wv,2024-04-13,44.0,44.0,0.2222222222222222,0,2024-04-20
wv,2024-04-20,36.0,36.0,-0.1818181818181818,0,2024-04-27
wv,2024-11-02,62.0,62.0,0.55,0,2024-11-09
wv,2024-11-16,147.0,147.0,1.2272727272727273,1,2024-11-23
wv,2024-11-23,147.0,147.0,0.0,0,2024-11-30
wv,2024-11-30,92.0,92.0,-0.3741496598639456,0,2024-12-07
wv,2024-12-14,102.0,102.0,-0.3503184713375796,0,2024-12-21
wv,2025-01-04,141.0,141.0,-0.2209944751381215,0,2025-01-11
wv,2025-02-08,124.0,124.0,0.087719298245614,0,2025-02-15
wv,2025-02-15,110.0,110.0,-0.1129032258064516,0,2025-02-22
wv,2025-02-22,104.0,104.0,-0.0545454545454545,0,2025-03-01
wv,2025-03-01,91.0,91.0,-0.125,0,2025-03-08
wv,2025-03-08,61.0,61.0,-0.3296703296703296,0,2025-03-15
wv,2025-03-15,63.0,63.0,0.0327868852459016,0,2025-03-22
wv,2025-03-22,59.0,59.0,-0.0634920634920634,0,2025-03-29
wv,2025-03-29,49.0,49.0,-0.1694915254237288,0,2025-04-05
wv,2025-04-05,32.0,32.0,-0.3469387755102041,0,2025-04-12
wv,2025-04-12,27.0,27.0,-0.15625,0,2025-04-19
wv,2025-04-19,40.0,40.0,0.4814814814814814,0,2025-04-26
wv,2025-04-26,19.0,19.0,-0.525,0,2025-05-03
wv,2025-05-03,19.0,19.0,0.0,0,2025-05-10
wv,2025-05-10,11.0,11.0,-0.4210526315789473,0,2025-05-17
wv,2025-05-17,17.0,17.0,0.5454545454545454,0,2025-05-24
wv,2025-05-24,11.0,11.0,-0.3529411764705882,0,2025-05-31
wv,2025-05-31,5.0,5.0,-0.5454545454545454,0,2025-06-07
wv,2025-06-07,8.0,8.0,0.6,0,2025-06-14
wv,2025-06-14,9.0,9.0,0.125,0,2025-06-21
wv,2025-06-21,14.0,14.0,0.5555555555555556,0,2025-06-28
wv,2025-06-28,12.0,12.0,-0.1428571428571428,0,2025-07-05
wv,2025-07-05,11.0,11.0,-0.0833333333333333,0,2025-07-12
wv,2025-07-12,9.0,9.0,-0.1818181818181818,0,2025-07-19
wv,2025-07-19,13.0,13.0,0.4444444444444444,0,2025-07-26
wv,2025-07-26,15.0,15.0,0.1538461538461538,0,2025-08-02
wv,2025-08-02,41.0,41.0,1.7333333333333334,0,2025-08-09
wv,2025-08-09,30.0,30.0,-0.2682926829268293,0,2025-08-16
wv,2025-08-16,33.0,33.0,0.1,0,2025-08-23
wv,2025-08-30,49.0,49.0,0.225,0,2025-09-06
wv,2025-09-06,72.0,72.0,0.4693877551020408,0,2025-09-13
wv,2025-09-13,76.0,76.0,0.0555555555555555,0,2025-09-20
wv,2025-09-27,41.0,41.0,-0.3166666666666666,0,2025-10-04
wv,2025-10-04,39.0,39.0,-0.048780487804878,0,2025-10-11
wv,2025-10-11,26.0,26.0,-0.3333333333333333,0,2025-10-18
wv,2025-10-18,23.0,23.0,-0.1153846153846153,0,2025-10-25
wv,2025-10-25,22.0,22.0,-0.0434782608695652,0,2025-11-01
wv,2025-11-01,23.0,23.0,0.0454545454545454,0,2025-11-08
wv,2025-11-08,47.0,47.0,1.0434782608695652,0,2025-11-15
wv,2025-11-15,60.0,60.0,0.2765957446808511,0,2025-11-22
wv,2025-11-29,69.0,69.0,0.5,0,2025-12-06
wv,2025-12-06,46.0,46.0,-0.3333333333333333,0,2025-12-13
wv,2025-12-13,85.0,85.0,0.8478260869565217,0,2025-12-20
wv,2025-12-20,127.0,127.0,0.4941176470588235,1,2025-12-27
wv,2025-12-27,179.0,179.0,0.4094488188976378,1,2026-01-03
wv,2026-01-24,111.0,111.0,-0.1716417910447761,0,2026-01-31
wv,2026-02-14,79.0,79.0,-0.0365853658536585,0,2026-02-21
wv,2026-02-28,54.0,54.0,-0.0526315789473684,0,2026-03-07
wv,2026-03-07,39.0,39.0,-0.2777777777777778,0,2026-03-14
wv,2026-03-14,32.0,32.0,-0.1794871794871795,0,2026-03-21
wv,2026-03-21,23.0,23.0,-0.28125,0,2026-03-28
wv,2026-03-28,11.0,11.0,-0.5217391304347826,0,2026-04-04
wv,2026-04-04,10.0,10.0,-0.0909090909090909,0,2026-04-11
wv,2026-04-11,17.0,17.0,0.7,0,2026-04-18
wv,2026-04-18,14.0,14.0,-0.1764705882352941,0,2026-04-25
wv,2026-04-25,12.0,12.0,-0.1428571428571428,0,2026-05-02
wv,2026-05-02,10.0,10.0,-0.1666666666666666,0,2026-05-09
wv,2026-05-09,6.0,6.0,-0.4,0,2026-05-16
wv,2026-05-16,1.0,1.0,-0.8333333333333334,0,2026-05-23
wv,2026-05-23,5.0,5.0,4.0,0,2026-05-30
wv,2026-05-30,2.0,2.0,-0.6,0,2026-06-06
wv,2026-06-06,0.0,0.0,-1.0,0,2026-06-13
wv,2026-06-13,0.0,0.0,,0,2026-06-20
wv,2026-06-20,2.0,2.0,,0,2026-06-27
wv,2026-06-27,1.0,1.0,-0.5,0,2026-07-04
wy,2025-03-08,20.0,20.0,0.5384615384615384,1,2025-03-15
wy,2025-06-21,7.0,7.0,1.3333333333333333,0,2025-06-28
wy,2025-06-28,2.0,2.0,-0.7142857142857143,0,2025-07-05
wy,2025-07-19,7.0,7.0,-0.2222222222222222,0,2025-07-26
wy,2025-11-08,3.0,3.0,-0.625,0,2025-11-15
wy,2025-12-20,13.0,13.0,-0.1333333333333333,0,2025-12-27
wy,2025-12-27,21.0,21.0,0.6153846153846154,1,2026-01-03
wy,2026-01-03,18.0,18.0,-0.1428571428571428,0,2026-01-10
wy,2026-03-14,9.0,9.0,-0.25,0,2026-03-21
wy,2026-03-21,17.0,17.0,0.8888888888888888,0,2026-03-28
wy,2026-03-28,10.0,10.0,-0.4117647058823529,0,2026-04-04
wy,2026-04-04,1.0,1.0,-0.9,0,2026-04-11
wy,2026-04-11,13.0,13.0,12.0,0,2026-04-18
wy,2026-04-18,6.0,6.0,-0.5384615384615384,0,2026-04-25
wy,2026-04-25,1.0,1.0,-0.8333333333333334,0,2026-05-02
wy,2026-05-02,6.0,6.0,5.0,0,2026-05-09
wy,2026-05-09,2.0,2.0,-0.6666666666666666,0,2026-05-16
wy,2026-05-16,3.0,3.0,0.5,0,2026-05-23
wy,2026-05-23,4.0,4.0,0.3333333333333333,0,2026-05-30
wy,2026-05-30,2.0,2.0,-0.5,0,2026-06-06
wy,2026-06-06,1.0,1.0,-0.5,0,2026-06-13
wy,2026-06-13,1.0,1.0,0.0,0,2026-06-20
wy,2026-06-20,2.0,2.0,1.0,0,2026-06-27
wy,2026-06-27,3.0,3.0,0.5,0,2026-07-04
