{
  "model": "XGBoost (final pipeline)",
  "accuracy": 0.9568091670339357,
  "balanced_accuracy": 0.6122113500896169,
  "precision": 0.40384615384615385,
  "recall": 0.23863636363636365,
  "specificity": 0.9857863365428703,
  "f1": 0.3,
  "roc_auc": 0.8693676795464966,
  "pr_auc": 0.3065509920070266,
  "tp": 21,
  "fp": 31,
  "fn": 67,
  "tn": 2150,
  "n_train": 6860,
  "n_test": 2269,
  "n_features": 17
}