model,accuracy,precision,recall,f1,roc_auc
Logistic Regression,0.7677390921110622,0.1073345259391771,0.6818181818181818,0.18547140649149924,0.8031292984869326
Random Forest,0.9616571176729837,0.5333333333333333,0.09090909090909091,0.1553398058252427,0.841187841273811
XGBoost,0.9568091670339357,0.40384615384615385,0.23863636363636365,0.3,0.8693676795464966
